,Natural Language Processing with TensorFlow ( PDFDrive.com )-228.pdf,Natural Language Processing with TensorFlow ( PDFDrive.com )-233.pdf,Natural Language Processing with TensorFlow ( PDFDrive.com )-242.pdf,Natural Language Processing with TensorFlow ( PDFDrive.com )-248.pdf,Natural Language Processing with TensorFlow ( PDFDrive.com )-224.pdf,Natural Language Processing with TensorFlow ( PDFDrive.com )-222.pdf,Natural Language Processing with TensorFlow ( PDFDrive.com )-247.pdf,Natural Language Processing with TensorFlow ( PDFDrive.com )-234.pdf,Natural Language Processing with TensorFlow ( PDFDrive.com )-245.pdf,Natural Language Processing with TensorFlow ( PDFDrive.com )-236.pdf,Natural Language Processing with TensorFlow ( PDFDrive.com )-251.pdf,Natural Language Processing with TensorFlow ( PDFDrive.com )-254.pdf,Natural Language Processing with TensorFlow ( PDFDrive.com )-226.pdf,Natural Language Processing with TensorFlow ( PDFDrive.com )-256.pdf,Natural Language Processing with TensorFlow ( PDFDrive.com )-255.pdf,Natural Language Processing with TensorFlow ( PDFDrive.com )-240.pdf,Natural Language Processing with TensorFlow ( PDFDrive.com )-235.pdf,Natural Language Processing with TensorFlow ( PDFDrive.com )-221.pdf,Natural Language Processing with TensorFlow ( PDFDrive.com )-237.pdf,Natural Language Processing with TensorFlow ( PDFDrive.com )-250.pdf,Natural Language Processing with TensorFlow ( PDFDrive.com )-229.pdf,Natural Language Processing with TensorFlow ( PDFDrive.com )-270.pdf,Natural Language Processing with TensorFlow ( PDFDrive.com )-279.pdf,Natural Language Processing with TensorFlow ( PDFDrive.com )-278.pdf,Natural Language Processing with TensorFlow ( PDFDrive.com )-261.pdf,Natural Language Processing with TensorFlow ( PDFDrive.com )-273.pdf,Natural Language Processing with TensorFlow ( PDFDrive.com )-262.pdf,Natural Language Processing with TensorFlow ( PDFDrive.com )-276.pdf,Natural Language Processing with TensorFlow ( PDFDrive.com )-266.pdf,Natural Language Processing with TensorFlow ( PDFDrive.com )-260.pdf,Natural Language Processing with TensorFlow ( PDFDrive.com )-258.pdf,Natural Language Processing with TensorFlow ( PDFDrive.com )-290.pdf,Natural Language Processing with TensorFlow ( PDFDrive.com )-280.pdf,Natural Language Processing with TensorFlow ( PDFDrive.com )-263.pdf,Natural Language Processing with TensorFlow ( PDFDrive.com )-272.pdf,Natural Language Processing with TensorFlow ( PDFDrive.com )-257.pdf,Natural Language Processing with TensorFlow ( PDFDrive.com )-291.pdf,Natural Language Processing with TensorFlow ( PDFDrive.com )-277.pdf,Natural Language Processing with TensorFlow ( PDFDrive.com )-283.pdf,Natural Language Processing with TensorFlow ( PDFDrive.com )-287.pdf,Natural Language Processing with TensorFlow ( PDFDrive.com )-271.pdf,Natural Language Processing with TensorFlow ( PDFDrive.com )-281.pdf,Natural Language Processing with TensorFlow ( PDFDrive.com )-282.pdf,Natural Language Processing with TensorFlow ( PDFDrive.com )-259.pdf,Natural Language Processing with TensorFlow ( PDFDrive.com )-274.pdf,Natural Language Processing with TensorFlow ( PDFDrive.com )-284.pdf,Natural Language Processing with TensorFlow ( PDFDrive.com )-286.pdf,Natural Language Processing with TensorFlow ( PDFDrive.com )-288.pdf,Natural Language Processing with TensorFlow ( PDFDrive.com )-289.pdf,Natural Language Processing with TensorFlow ( PDFDrive.com )-268.pdf,Natural Language Processing with TensorFlow ( PDFDrive.com )-265.pdf,Natural Language Processing with TensorFlow ( PDFDrive.com )-264.pdf,Natural Language Processing with TensorFlow ( PDFDrive.com )-285.pdf,Natural Language Processing with TensorFlow ( PDFDrive.com )-275.pdf,Natural Language Processing with TensorFlow ( PDFDrive.com )-269.pdf,Natural Language Processing with TensorFlow ( PDFDrive.com )-267.pdf,Natural Language Processing with TensorFlow ( PDFDrive.com )-306.pdf,Natural Language Processing with TensorFlow ( PDFDrive.com )-315.pdf,Natural Language Processing with TensorFlow ( PDFDrive.com )-305.pdf,Natural Language Processing with TensorFlow ( PDFDrive.com )-317.pdf,Natural Language Processing with TensorFlow ( PDFDrive.com )-309.pdf,Natural Language Processing with TensorFlow ( PDFDrive.com )-320.pdf,Natural Language Processing with TensorFlow ( PDFDrive.com )-318.pdf,Natural Language Processing with TensorFlow ( PDFDrive.com )-294.pdf,Natural Language Processing with TensorFlow ( PDFDrive.com )-292.pdf,Natural Language Processing with TensorFlow ( PDFDrive.com )-296.pdf,Natural Language Processing with TensorFlow ( PDFDrive.com )-312.pdf,Natural Language Processing with TensorFlow ( PDFDrive.com )-300.pdf,Natural Language Processing with TensorFlow ( PDFDrive.com )-311.pdf,Natural Language Processing with TensorFlow ( PDFDrive.com )-304.pdf,Natural Language Processing with TensorFlow ( PDFDrive.com )-303.pdf,Natural Language Processing with TensorFlow ( PDFDrive.com )-298.pdf,Natural Language Processing with TensorFlow ( PDFDrive.com )-295.pdf,Natural Language Processing with TensorFlow ( PDFDrive.com )-310.pdf,Natural Language Processing with TensorFlow ( PDFDrive.com )-308.pdf,Natural Language Processing with TensorFlow ( PDFDrive.com )-316.pdf,Natural Language Processing with TensorFlow ( PDFDrive.com )-319.pdf,Natural Language Processing with TensorFlow ( PDFDrive.com )-297.pdf,Natural Language Processing with TensorFlow ( PDFDrive.com )-307.pdf,Natural Language Processing with TensorFlow ( PDFDrive.com )-299.pdf,Natural Language Processing with TensorFlow ( PDFDrive.com )-302.pdf,Natural Language Processing with TensorFlow ( PDFDrive.com )-293.pdf,Natural Language Processing with TensorFlow ( PDFDrive.com )-301.pdf,Natural Language Processing with TensorFlow ( PDFDrive.com )-314.pdf,Natural Language Processing with TensorFlow ( PDFDrive.com )-313.pdf,Natural Language Processing with TensorFlow ( PDFDrive.com )-22.pdf,Natural Language Processing with TensorFlow ( PDFDrive.com )-23.pdf,Natural Language Processing with TensorFlow ( PDFDrive.com )-66.pdf,Natural Language Processing with TensorFlow ( PDFDrive.com )-64.pdf,Natural Language Processing with TensorFlow ( PDFDrive.com )-31.pdf,Natural Language Processing with TensorFlow ( PDFDrive.com )-33.pdf,Natural Language Processing with TensorFlow ( PDFDrive.com )-28.pdf,Natural Language Processing with TensorFlow ( PDFDrive.com )-36.pdf,Natural Language Processing with TensorFlow ( PDFDrive.com )-50.pdf,Natural Language Processing with TensorFlow ( PDFDrive.com )-35.pdf,Natural Language Processing with TensorFlow ( PDFDrive.com )-61.pdf,Natural Language Processing with TensorFlow ( PDFDrive.com )-42.pdf,Natural Language Processing with TensorFlow ( PDFDrive.com )-43.pdf,Natural Language Processing with TensorFlow ( PDFDrive.com )-44.pdf,Natural Language Processing with TensorFlow ( PDFDrive.com )-62.pdf,Natural Language Processing with TensorFlow ( PDFDrive.com )-45.pdf,Natural Language Processing with TensorFlow ( PDFDrive.com )-49.pdf,Natural Language Processing with TensorFlow ( PDFDrive.com )-29.pdf,Natural Language Processing with TensorFlow ( PDFDrive.com )-46.pdf,Natural Language Processing with TensorFlow ( PDFDrive.com )-30.pdf,Natural Language Processing with TensorFlow ( PDFDrive.com )-63.pdf,Natural Language Processing with TensorFlow ( PDFDrive.com )-47.pdf,Natural Language Processing with TensorFlow ( PDFDrive.com )-57.pdf,Natural Language Processing with TensorFlow ( PDFDrive.com )-56.pdf,Natural Language Processing with TensorFlow ( PDFDrive.com )-59.pdf,Natural Language Processing with TensorFlow ( PDFDrive.com )-32.pdf,Natural Language Processing with TensorFlow ( PDFDrive.com )-40.pdf,Natural Language Processing with TensorFlow ( PDFDrive.com )-27.pdf,Natural Language Processing with TensorFlow ( PDFDrive.com )-58.pdf,Natural Language Processing with TensorFlow ( PDFDrive.com )-54.pdf,Natural Language Processing with TensorFlow ( PDFDrive.com )-37.pdf,Natural Language Processing with TensorFlow ( PDFDrive.com )-34.pdf,Natural Language Processing with TensorFlow ( PDFDrive.com )-38.pdf,Natural Language Processing with TensorFlow ( PDFDrive.com )-48.pdf,Natural Language Processing with TensorFlow ( PDFDrive.com )-65.pdf,Natural Language Processing with TensorFlow ( PDFDrive.com )-55.pdf,Natural Language Processing with TensorFlow ( PDFDrive.com )-52.pdf,Natural Language Processing with TensorFlow ( PDFDrive.com )-41.pdf,Natural Language Processing with TensorFlow ( PDFDrive.com )-60.pdf,Natural Language Processing with TensorFlow ( PDFDrive.com )-53.pdf,Natural Language Processing with TensorFlow ( PDFDrive.com )-39.pdf,Natural Language Processing with TensorFlow ( PDFDrive.com )-106.pdf,Natural Language Processing with TensorFlow ( PDFDrive.com )-100.pdf,Natural Language Processing with TensorFlow ( PDFDrive.com )-67.pdf,Natural Language Processing with TensorFlow ( PDFDrive.com )-112.pdf,Natural Language Processing with TensorFlow ( PDFDrive.com )-70.pdf,Natural Language Processing with TensorFlow ( PDFDrive.com )-108.pdf,Natural Language Processing with TensorFlow ( PDFDrive.com )-103.pdf,Natural Language Processing with TensorFlow ( PDFDrive.com )-93.pdf,Natural Language Processing with TensorFlow ( PDFDrive.com )-109.pdf,Natural Language Processing with TensorFlow ( PDFDrive.com )-84.pdf,Natural Language Processing with TensorFlow ( PDFDrive.com )-110.pdf,Natural Language Processing with TensorFlow ( PDFDrive.com )-104.pdf,Natural Language Processing with TensorFlow ( PDFDrive.com )-102.pdf,Natural Language Processing with TensorFlow ( PDFDrive.com )-71.pdf,Natural Language Processing with TensorFlow ( PDFDrive.com )-97.pdf,Natural Language Processing with TensorFlow ( PDFDrive.com )-87.pdf,Natural Language Processing with TensorFlow ( PDFDrive.com )-101.pdf,Natural Language Processing with TensorFlow ( PDFDrive.com )-111.pdf,Natural Language Processing with TensorFlow ( PDFDrive.com )-74.pdf,Natural Language Processing with TensorFlow ( PDFDrive.com )-72.pdf,Natural Language Processing with TensorFlow ( PDFDrive.com )-95.pdf,Natural Language Processing with TensorFlow ( PDFDrive.com )-75.pdf,Natural Language Processing with TensorFlow ( PDFDrive.com )-99.pdf,Natural Language Processing with TensorFlow ( PDFDrive.com )-78.pdf,Natural Language Processing with TensorFlow ( PDFDrive.com )-68.pdf,Natural Language Processing with TensorFlow ( PDFDrive.com )-88.pdf,Natural Language Processing with TensorFlow ( PDFDrive.com )-105.pdf,Natural Language Processing with TensorFlow ( PDFDrive.com )-79.pdf,Natural Language Processing with TensorFlow ( PDFDrive.com )-83.pdf,Natural Language Processing with TensorFlow ( PDFDrive.com )-85.pdf,Natural Language Processing with TensorFlow ( PDFDrive.com )-69.pdf,Natural Language Processing with TensorFlow ( PDFDrive.com )-86.pdf,Natural Language Processing with TensorFlow ( PDFDrive.com )-96.pdf,Natural Language Processing with TensorFlow ( PDFDrive.com )-81.pdf,Natural Language Processing with TensorFlow ( PDFDrive.com )-94.pdf,Natural Language Processing with TensorFlow ( PDFDrive.com )-73.pdf,Natural Language Processing with TensorFlow ( PDFDrive.com )-92.pdf,Natural Language Processing with TensorFlow ( PDFDrive.com )-82.pdf,Natural Language Processing with TensorFlow ( PDFDrive.com )-90.pdf,Natural Language Processing with TensorFlow ( PDFDrive.com )-89.pdf,Natural Language Processing with TensorFlow ( PDFDrive.com )-76.pdf,Natural Language Processing with TensorFlow ( PDFDrive.com )-77.pdf,Natural Language Processing with TensorFlow ( PDFDrive.com )-80.pdf,Natural Language Processing with TensorFlow ( PDFDrive.com )-98.pdf,Natural Language Processing with TensorFlow ( PDFDrive.com )-107.pdf,Natural Language Processing with TensorFlow ( PDFDrive.com )-119.pdf,Natural Language Processing with TensorFlow ( PDFDrive.com )-117.pdf,Natural Language Processing with TensorFlow ( PDFDrive.com )-120.pdf,Natural Language Processing with TensorFlow ( PDFDrive.com )-139.pdf,Natural Language Processing with TensorFlow ( PDFDrive.com )-147.pdf,Natural Language Processing with TensorFlow ( PDFDrive.com )-146.pdf,Natural Language Processing with TensorFlow ( PDFDrive.com )-136.pdf,Natural Language Processing with TensorFlow ( PDFDrive.com )-115.pdf,Natural Language Processing with TensorFlow ( PDFDrive.com )-153.pdf,Natural Language Processing with TensorFlow ( PDFDrive.com )-149.pdf,Natural Language Processing with TensorFlow ( PDFDrive.com )-131.pdf,Natural Language Processing with TensorFlow ( PDFDrive.com )-135.pdf,Natural Language Processing with TensorFlow ( PDFDrive.com )-155.pdf,Natural Language Processing with TensorFlow ( PDFDrive.com )-148.pdf,Natural Language Processing with TensorFlow ( PDFDrive.com )-157.pdf,Natural Language Processing with TensorFlow ( PDFDrive.com )-156.pdf,Natural Language Processing with TensorFlow ( PDFDrive.com )-132.pdf,Natural Language Processing with TensorFlow ( PDFDrive.com )-116.pdf,Natural Language Processing with TensorFlow ( PDFDrive.com )-151.pdf,Natural Language Processing with TensorFlow ( PDFDrive.com )-137.pdf,Natural Language Processing with TensorFlow ( PDFDrive.com )-143.pdf,Natural Language Processing with TensorFlow ( PDFDrive.com )-118.pdf,Natural Language Processing with TensorFlow ( PDFDrive.com )-145.pdf,Natural Language Processing with TensorFlow ( PDFDrive.com )-138.pdf,Natural Language Processing with TensorFlow ( PDFDrive.com )-141.pdf,Natural Language Processing with TensorFlow ( PDFDrive.com )-140.pdf,Natural Language Processing with TensorFlow ( PDFDrive.com )-142.pdf,Natural Language Processing with TensorFlow ( PDFDrive.com )-113.pdf,Natural Language Processing with TensorFlow ( PDFDrive.com )-159.pdf,Natural Language Processing with TensorFlow ( PDFDrive.com )-160.pdf,Natural Language Processing with TensorFlow ( PDFDrive.com )-144.pdf,Natural Language Processing with TensorFlow ( PDFDrive.com )-150.pdf,Natural Language Processing with TensorFlow ( PDFDrive.com )-134.pdf,Natural Language Processing with TensorFlow ( PDFDrive.com )-152.pdf,Natural Language Processing with TensorFlow ( PDFDrive.com )-121.pdf,Natural Language Processing with TensorFlow ( PDFDrive.com )-114.pdf,Natural Language Processing with TensorFlow ( PDFDrive.com )-154.pdf,Natural Language Processing with TensorFlow ( PDFDrive.com )-158.pdf,Natural Language Processing with TensorFlow ( PDFDrive.com )-133.pdf,Natural Language Processing with TensorFlow ( PDFDrive.com )-241.pdf,Natural Language Processing with TensorFlow ( PDFDrive.com )-243.pdf,Natural Language Processing with TensorFlow ( PDFDrive.com )-244.pdf,Natural Language Processing with TensorFlow ( PDFDrive.com )-225.pdf,Natural Language Processing with TensorFlow ( PDFDrive.com )-238.pdf,Natural Language Processing with TensorFlow ( PDFDrive.com )-232.pdf,Natural Language Processing with TensorFlow ( PDFDrive.com )-223.pdf,Natural Language Processing with TensorFlow ( PDFDrive.com )-252.pdf,Natural Language Processing with TensorFlow ( PDFDrive.com )-249.pdf,Natural Language Processing with TensorFlow ( PDFDrive.com )-246.pdf,Natural Language Processing with TensorFlow ( PDFDrive.com )-230.pdf,Natural Language Processing with TensorFlow ( PDFDrive.com )-227.pdf,Natural Language Processing with TensorFlow ( PDFDrive.com )-231.pdf,Natural Language Processing with TensorFlow ( PDFDrive.com )-239.pdf
0,-0.43122423,-0.20341961,-0.108404785,-0.46312222,0.13320813,0.1050621,-0.28667766,-0.41576645,-0.1643692,-0.3586258,-0.34351498,0.16154714,0.10026792,0.4664804,-0.023496924,-0.15498084,-0.29805624,-0.20309089,-0.22376968,-0.46186554,-0.42597649,0.14446925,0.17839515,0.07409071,0.0685109,-0.10211119,-0.32538277,0.19535719,-0.13717625,-0.24162598,-0.005909368,0.05040075,0.030747201,0.058666363,0.18518367,0.010877757,-0.025356013,0.13642877,0.21649829,-0.1628601,-0.32065865,-0.2744346,0.21226712,-0.21550609,-0.110633805,-0.07667819,-0.49768397,0.2045203,0.1307348,-0.22532554,-0.13261275,0.09256483,0.04108506,0.09544,-0.0041150814,-0.23613936,0.57665277,0.1696176,0.056762047,0.041290294,-0.23284106,0.098887995,0.24812356,0.039722703,-0.021807281,0.0659473,0.0041116076,0.20038691,-0.07128674,-0.34311798,0.20873532,-0.096365325,-0.029719675,-0.22666733,0.5832164,0.102007434,0.020666474,0.064274825,0.34771624,-0.0026767168,0.14028755,-0.1210786,-0.018070875,-0.13339694,0.049881198,0.013937338,-0.29769593,-0.34105337,-0.1020049,0.3145278,0.34704396,-0.099410966,-0.29410705,0.10145727,-0.032396432,-0.18086872,0.06070125,-0.030064555,0.038152862,0.017965896,0.29936302,-0.019107142,-0.07823758,-0.155512,0.055127434,-0.07330654,0.03849427,0.23290817,-0.37828586,-0.21708503,-0.15214452,-0.10809845,-0.18436167,0.06912755,0.09524043,0.100830294,0.21614222,0.044331655,-0.06675043,-0.46094066,0.07853445,-0.16908583,-0.04427372,-0.30441043,-0.08214061,-0.03574997,0.028805554,-0.04786808,-0.18419735,0.04123863,-0.2162761,0.17445979,0.24362284,-0.103234656,0.095617466,-0.012400011,0.044516787,0.19174905,0.10973764,-0.35333467,0.17884988,0.13257378,-0.0090766605,-0.15691218,-0.07418776,-0.034690775,-0.098163635,-0.15654653,-0.089783385,-0.05628129,-0.094515726,-0.051493045,0.18498066,-0.19662176,0.19134778,-0.2630905,-0.11791667,0.25068456,0.12625536,-0.15217258,-0.020055832,0.027855935,0.24924877,-0.13901973,0.12295233,-0.12965816,-0.14901087,-0.56618154,-0.21191652,-0.050351873,-0.009800675,-0.28096017,-0.43947998,-0.070843875,0.035544287,-0.046308413,-0.083666995,-0.08897876,-0.19056973,0.09972139,-0.05036203,-0.32728577,-0.26066786,-0.023869652,0.09579481,0.16059843,-0.22133502,-0.13827425,-0.022268524,0.038740467,0.11364165,-0.11148532,-0.3717384,-0.012501879,0.12845191,-0.26555055,0.038335327,0.08763183,-0.06344755,0.12636235,-0.22781931,0.14374101,0.056967016,-0.11804799,0.20479701,-0.05861303,0.09588367,-0.00083065033,0.038532995,0.14824913,-0.068219714,0.064761974,0.025263764,0.2127514,-0.05089784,-0.38089305,0.22100776,0.07389448,-0.2705571,-0.033384845,-0.1445045,-0.025772544,-0.19669026,-0.03837735
1,0.43399402,0.35504833,0.23520312,0.65235674,-0.064602084,-0.18516311,0.42863026,0.55705696,0.4208091,0.67676413,0.6043387,-0.06868366,0.0034347004,0.2240918,0.1470442,0.42314458,0.39861915,0.12229459,0.49219626,0.8900504,0.51184404,0.3005336,0.24153095,0.335095,0.44019905,0.003961934,0.050917253,0.17802666,0.056898914,0.14036028,-0.08238367,0.027110072,0.080343254,-0.052808795,-0.16810942,0.044347808,-0.19014686,0.019904984,0.042857405,-0.04381258,0.93906647,0.14343606,-0.07432059,0.5921677,0.12833461,-0.40316737,-0.18079562,-0.2622832,0.057441372,0.2115529,0.02932255,-0.26592422,-0.005471191,-0.20379126,-0.7985518,0.096572466,0.0066509377,0.66904867,0.38575417,-0.33964106,0.5490277,-0.21927805,0.16558272,-0.33271998,-0.41701546,0.0018226706,-0.008772142,0.10294845,0.06896466,-0.3714502,0.16328508,-0.3162943,-0.023299098,0.6430365,0.23898703,0.25383574,-0.3319879,-0.20677444,0.057987843,-0.00018798893,0.31518075,-0.5054829,-0.0017298153,0.4455207,0.12411762,0.06753958,-0.03926955,0.30604935,0.0926883,-0.05973256,0.1948905,-0.094863206,-0.14785403,-0.059615474,-0.15801972,0.22214594,-0.015818575,0.12191945,0.07832089,-0.14708215,-0.06180535,-0.06607823,-0.22095743,0.018432373,-0.14174902,-0.06807629,0.071400955,0.19614546,-0.08905844,0.011536646,-0.107644014,0.33825862,0.012912807,0.18675613,0.15772353,-0.3934044,0.07601236,0.03764662,0.13520461,-0.08754823,-0.13251795,0.07965498,0.035815272,0.30669957,-0.04874961,-0.026982302,0.5321158,0.5341603,-0.0710222,0.106733866,-0.14665693,0.13193558,0.42021042,0.18191537,0.19260262,-0.054343715,0.3823957,0.47451547,0.22238345,-0.16165552,0.8867187,0.20919873,0.104863584,0.38525024,0.12344727,-0.24783304,0.6315411,-0.1475927,0.13331828,-0.1875665,-0.39201242,-0.08722126,0.35249233,-0.14822572,-0.005436416,-0.47105044,-0.37361783,-0.19689412,0.38259166,-0.015090952,0.26185063,0.056652915,0.092882596,-0.1128154,0.12090149,-0.23812151,-0.09531865,-0.038385116,-0.055408306,0.25985163,0.1839551,0.086873695,-0.10113114,0.067052916,-0.13560943,0.14803964,0.28740123,0.27342868,0.02524818,0.15654805,0.42609745,0.13357069,0.09504408,0.42403758,-0.027191436,0.0004494045,0.42111272,-0.056616172,0.3291171,-0.08474271,-0.1388874,-0.07997555,-0.16494678,0.23990868,0.007750625,-0.26334724,0.11204672,-0.25841525,0.24796246,0.17899586,-0.013642751,0.13805069,0.044999275,-0.21488667,0.09574929,-0.0690203,0.25414103,0.4413954,0.11728753,7.8491605e-05,0.2934542,0.37890288,0.30512762,0.08024697,0.1165118,0.52865964,0.09559084,0.11373914,0.23457743,0.3020447,0.7157074,0.21442166,0.5812087,0.4531178
2,-0.10969281,-0.16512686,0.00829178,-0.1152688,0.14985561,0.12753324,-0.32339194,-0.3568882,0.2052344,-0.17502204,-0.3645488,0.14929567,-0.14361487,0.17289087,0.08277911,-0.5533039,-0.03950006,-0.012466165,-0.12113526,-0.13962223,-0.16540314,-0.11109452,-0.085899875,-0.01134413,-0.07005337,-0.22892153,-0.16094948,0.2603313,0.29550964,-0.2397722,-0.18383838,0.24108458,0.06875696,-0.036839258,0.2962571,-0.115217716,0.20887707,0.07119738,0.08703144,0.17216896,-0.1497559,-0.15878876,0.20118701,-0.17746109,-0.1634309,0.054678954,-0.16987717,-0.029650586,0.10081768,-0.14260447,0.2025632,-0.029199379,0.13369885,-0.0035738423,0.13615817,0.20029625,0.4596943,-0.013694752,0.33912194,0.0220472,-0.113643505,0.23567845,0.18754596,0.008812554,0.12291814,0.11187074,0.07533785,-0.36031985,-0.17346142,-0.11331453,0.16588284,-0.2171618,-0.0053469576,-0.16655841,0.6041061,0.05914915,0.3033071,0.006045901,0.34977502,-0.093275264,0.05907393,0.16922285,0.035768818,0.2037599,-0.107548065,0.12434612,-0.09488366,0.037846297,0.09032204,0.005314257,-0.17320593,0.012091297,-0.2459101,0.2844618,-0.38051143,-0.06327413,0.05610957,0.016942853,0.09401302,0.1349122,0.26784778,-0.11404108,-0.004859802,-0.015088652,-0.15837716,0.19706555,0.25161833,0.10613769,-0.18380374,0.023639522,-0.29522455,-0.13263632,-0.07587987,0.05354757,0.21220678,-0.33003575,-0.08560357,-0.0108032515,0.21366166,-0.27477598,0.08082799,0.10306774,0.1488556,-0.14709198,0.023416571,-0.37866426,0.16099931,0.3717152,-0.15894656,-0.1537158,-0.056282114,-0.011914868,0.019493084,0.13526933,0.07494776,-0.10113465,0.20170648,-0.0059206043,-0.11254432,0.12345438,-0.34248176,-0.07422152,-0.022704974,0.06561786,-0.078235574,0.7065552,-0.41196138,-0.20387945,0.11950786,0.024187,0.0075983596,0.4229622,-0.04594557,0.141925,-0.12449526,0.3548862,0.04329932,0.38149494,-0.15830399,0.18722527,0.100393,-0.23412484,-0.007388008,0.009492429,-0.000673234,0.35843349,-0.02876081,0.38152894,0.0038748083,-0.23305681,0.17136732,-0.12103381,-0.10465108,-0.20728107,0.21279553,0.16364579,0.18707882,0.3034943,-0.062029265,0.23145953,-0.008307556,0.22215831,0.19174188,0.25836962,0.019309096,0.09132435,0.0561821,-0.112882674,0.057900306,0.036786012,0.0413255,0.35863155,-0.2043925,-0.12030915,-0.07893827,0.61705774,0.40548638,0.29274714,-0.070385486,0.29351938,-0.0076223128,-0.17882791,0.50634634,0.05206774,0.26705664,0.32593974,0.15920427,0.22379008,0.40655097,0.050162878,-0.31167552,0.14598854,0.15277047,0.07232684,-0.26059705,-0.34938276,-0.1848432,0.0017543079,-0.40140465,-0.08179205,-0.16470498,-0.1255365,-0.0773454,-0.19071144
3,-0.3347521,-0.18419346,-0.26481068,-0.10445408,-0.48582086,0.02150979,-0.6507533,-0.3315519,-0.098415844,-0.06684115,-0.3449128,-0.40308982,-0.6323399,0.18009558,-0.19459061,-0.18270245,-0.13284531,-0.018059045,-0.29072142,0.06915297,-0.2912425,0.12338079,-0.012421286,-0.44759214,0.2012896,-0.57779914,-0.21824314,-0.41205624,0.118033536,-0.079096995,-0.341568,-0.4515281,-0.08033327,0.109908454,-0.1509539,-0.097115606,-0.10574396,-0.30520537,0.13625152,-0.015747314,0.4227913,-0.5528404,-0.08339346,0.0008018117,-0.23916477,-0.21178234,-0.35761517,0.040583402,-0.32074174,-0.30427322,0.058903914,0.42844245,-0.03490954,-0.17948131,-0.25035354,0.4471564,-0.65193605,-0.5174372,0.016065566,-0.223589,-0.11091532,-0.75286764,-1.0678577,-0.2533263,-0.12796426,-0.2448163,-0.28699264,0.5660664,-0.06524177,-0.18661469,-0.15850072,-0.20496279,-0.3255821,0.19042824,-0.38169044,-0.5430509,-0.9681721,-0.7422791,-0.35897708,0.015080907,0.67116416,-0.3738595,-0.037259325,-0.4983922,-0.26309755,-0.48432186,-0.044242468,-0.110836305,-0.15591927,-0.74984604,-0.88352793,-0.3511694,-0.24192894,-0.31167936,-0.4752139,-0.3692841,-0.20135477,-0.35612988,-0.42180488,-0.06840178,-0.43206218,-0.33459702,-0.5344775,-0.19747457,-0.5278791,0.3051329,0.38158816,0.11314763,0.40753606,-0.43253985,-0.26415616,-0.10722418,-0.51073587,-0.13052028,0.15481283,-0.15759797,-0.7672541,-0.43086144,0.22611134,-0.28370547,0.35967246,-0.13981812,-0.27528656,0.011841348,-0.01595907,-0.5141299,0.04049106,4.647895e-05,-0.13896048,0.0255332,0.14691538,-0.12652944,-0.009361185,-0.40145448,-0.02923707,0.7320469,-0.024762787,-0.1543317,-0.14013332,0.28049746,0.26632264,0.45956784,-0.10785519,0.109821275,-0.26506543,0.32583833,-0.06604192,0.3819434,0.10978464,0.524296,-0.026575495,0.1533243,0.08264961,0.025930302,0.62586015,0.20122097,0.07016736,0.778067,0.04898269,0.5574221,-0.10473043,-0.17460941,-0.34807956,0.30494246,-0.024139807,-0.028841086,0.14506571,0.03038504,0.15448742,-0.05306305,-0.0035588553,-0.22607687,-0.16153385,0.028771017,0.007224053,-0.17590095,0.19171081,-0.26464328,-0.11434419,0.049197014,0.29400265,0.12971598,0.09802696,0.024302024,0.03851479,0.04289729,0.5279184,-0.04793364,-0.043196928,-0.083620526,-0.26535618,-0.17324686,-0.36177754,-0.11377914,-0.19537479,0.34337115,0.3229792,-0.11215693,0.1783798,-0.06317992,-0.14962609,0.09983779,0.4436004,0.0195496,0.030885477,0.17050973,-0.024524663,0.0032783116,-0.0061085117,-0.14794457,-0.24144171,-0.44834998,-0.30048016,-0.3648738,-0.3643176,-0.24390182,0.10987834,-0.44724724,-0.56817317,-0.49244118,-0.51518077,-0.49884212,-0.55332154,-0.43005836
4,-0.0709155,0.014518126,-0.0024433827,-0.12841143,0.39627683,0.27093956,-0.07893412,-0.08170839,0.041913796,0.101422615,-0.093270265,0.14002685,0.077172816,0.62703574,0.033315092,-0.047573756,0.06302627,0.1188235,-0.39282167,-0.23600325,-0.17289995,0.36652097,-0.2842523,-0.83467484,0.13127394,-0.08656352,-0.13062352,-0.029368037,-0.27979943,-0.2471517,-0.12037728,0.30206826,0.0058334805,-0.021253332,-0.35372457,0.014785117,0.17041697,-0.7019635,-0.18637934,-0.15664876,0.5395406,-0.11641754,0.0021760687,-0.49805614,-0.24613146,-0.29716203,0.0076778177,0.1088482,0.016291054,-0.3014438,-0.12969147,0.111040145,-0.11573883,0.0055090245,-0.5919505,-0.30770952,-0.029230444,-0.2328836,-0.0028062172,-0.27483106,-0.47896367,-0.4070048,-0.24934155,-0.32046232,0.15643792,0.06771054,-0.28666666,0.039074436,0.018063603,0.060525134,0.16523452,0.30716723,0.27658454,-0.14394927,-0.12503797,-0.0944076,-0.10200598,-0.03415917,-0.046572927,-0.033959463,0.088454545,-0.26103675,0.6751812,-0.20336479,-0.5782042,0.08411819,-0.378347,0.3287057,0.34506458,-0.014725499,0.27286616,0.31248593,0.01501931,-0.13844661,0.050744142,0.24914134,-0.021820445,0.2491008,0.02680218,0.27164748,0.042653967,0.19064271,0.042546056,0.16641745,-0.018054957,0.18530482,-0.0719268,0.29016444,0.14399031,0.16364506,0.15674639,-0.17825046,0.17909938,0.23614672,0.040485907,-0.052436322,-0.16641869,0.113200866,-0.013929529,0.18479721,0.0023754411,-0.071509436,-0.026097383,-0.006994882,0.026930392,-0.21098183,-0.19652838,-0.22681862,0.24214411,-0.040093936,-0.28259486,-0.08391797,0.07508838,-0.15564893,-0.1766221,-0.15759555,-0.09536096,-0.27154633,0.10758936,-0.07508156,-0.1617849,-0.19487913,-0.09590299,0.06427397,-0.120979264,-0.18552113,0.16514526,0.10269168,0.056379646,0.7858536,-0.08841505,0.29040605,-0.05573846,0.06610573,-0.10607793,0.19171761,0.046775058,0.10967409,0.46406898,0.13460816,-0.037690356,-0.091814324,0.0877929,-0.1466426,0.06385462,-0.007752105,-0.02985788,0.0818074,0.07932674,0.16930704,-0.08235635,-0.0905709,-0.089385435,0.22421059,-0.20835339,-0.20331478,-0.3021567,0.2793366,-0.014562431,-0.2141421,-0.082294084,-0.24039797,-0.1882987,-0.09608357,-0.08061095,0.07434928,0.24369487,-0.20995629,0.023328166,-0.087175995,0.11288402,-0.002751951,-0.27404183,-0.053396527,-0.123751566,-0.3358818,-0.6572934,0.046107754,-0.11745198,-0.036836125,0.082978226,-0.12806544,-0.44365606,-0.22700629,0.1871607,-0.282274,-0.24874024,0.11023487,-0.23169157,-0.31931967,0.118815936,-0.040830202,-0.1507882,-0.05206948,-0.17212553,0.015912287,0.20733505,-0.02954607,-0.1156108,0.13226406,0.019540014,-0.09939089,-0.012147078,0.08481882
5,-0.1606194,-0.21539319,0.2548438,-0.46499935,0.0021835277,-0.13312778,0.18472216,-0.23110038,0.1560479,-0.23580164,-0.08025718,0.15503515,-0.19604361,-0.8453723,0.28710648,-0.5849858,-0.12708893,0.3153042,-0.09505289,-0.35217205,-0.09520776,-0.14472538,-0.15918595,0.33754483,0.3273499,0.1347488,-0.0034790263,0.08391509,0.40849525,0.33760273,0.19273697,0.2263537,0.29100487,-0.063187465,-0.43095818,0.32745624,0.4848287,0.41483796,-0.4835142,0.26797777,-0.1637014,0.23295547,0.3610082,0.19808182,-0.18698128,0.074455485,0.21525662,0.099034205,0.14292425,0.19212963,-0.040251575,-0.39049786,0.44292206,-0.2194111,-0.4191573,-0.43356922,-0.16140074,-0.39758652,0.13440675,0.10214495,0.22327772,0.3625848,0.21757548,0.41797325,0.5443342,0.2990482,-0.058037553,0.5358306,-0.005797184,0.25226673,0.29841754,0.35636216,0.31614837,0.22753613,0.5813822,-0.10113175,0.17668603,-0.021588668,0.16624364,0.46200162,0.30121455,0.42054516,0.49677575,-0.18512626,-0.37474045,-0.053798154,-0.13630642,0.083998464,0.29782578,-0.076415904,-0.2471036,-0.2057558,0.054042414,0.03372852,-0.046518218,0.29472923,0.09030825,-0.007945788,0.11290308,-0.030839289,-0.2626202,-0.00024073932,-0.28430986,0.106371835,0.06462637,-0.02656504,-0.064996175,-0.22261073,-0.017983086,-0.052793976,0.17773798,0.1923749,-0.17085116,-0.0887749,0.32278085,-0.114192,-0.048030782,-0.11664795,-0.013331941,0.27398315,0.05865264,0.1206214,0.11850858,-0.434235,-0.0865073,-0.104909934,0.026062967,0.10539124,0.016403044,-0.026323123,0.21899618,-0.035287492,-0.21316983,0.19235069,0.15676075,-0.1134786,0.27121457,0.12835273,-0.13743728,0.1787392,-0.029886508,-0.05379975,0.06964173,-0.15068801,-0.052165285,0.19537763,-0.13218868,-0.17530434,0.14977793,-0.34390453,0.116647504,0.20797747,0.0036590975,-0.05223407,-0.122269526,0.019678263,0.111110926,0.34245387,-0.13430268,-0.1924643,0.12917866,0.104143746,-0.0013989987,-0.03993452,0.13834722,0.4909225,0.16793777,-0.010856181,-0.3204361,-0.2157686,-0.10909353,0.19508083,-0.046636645,-0.10603599,0.12645526,0.23331474,0.42175987,-0.41088283,-0.2406095,0.6899234,-0.13809621,0.25800532,0.20785159,0.44012752,0.0935925,-0.078062005,0.113416426,-0.033129774,-0.24807358,0.09935607,-0.13700746,-0.06829799,0.32638332,0.040995628,-0.111723214,0.39606822,0.72855705,0.096779995,-0.23919135,0.20114553,0.061033107,0.068521544,0.49098244,0.2842297,0.17070968,0.5636825,-0.23873542,0.69454646,0.46749127,-0.034256686,-0.37846893,0.09750706,0.2491686,-0.03562725,-0.25866678,-0.04256684,-0.5365346,-0.066988066,-0.11887398,-0.18742965,-0.11270525,-0.034178033,-0.23913391,-0.3633792
6,0.47288445,0.30173624,0.20495039,0.61720365,-0.13029264,0.14261435,-0.23495299,0.521314,-0.052086554,0.5220727,0.18056665,-0.082763344,0.15045784,-0.03585402,-0.23561916,0.06699881,0.24981834,0.429533,0.34642997,0.5378958,0.32161003,0.4975706,0.20574534,0.6006751,0.72604746,0.17717391,0.4210363,0.3556905,0.6263701,0.5917765,0.46073598,0.03694642,0.1458551,0.35841054,0.30817616,-0.07149905,-0.15164556,0.62508154,-0.32447022,0.16154644,0.88597375,-0.065213606,-0.10706155,0.90449953,0.8735316,0.024122624,0.5058264,0.21758978,0.20368671,0.10615593,0.25415888,0.6336649,0.13943207,-0.029695684,0.38253257,0.57941645,0.22301988,-0.16072749,0.028318152,0.30208838,0.75758576,0.47240484,0.2888099,0.043918367,-0.20701277,-0.22923592,-0.2145479,0.54011613,0.47280186,-0.068946525,0.17111793,-0.15365475,0.1944549,1.1902399,0.105930775,-0.17254429,0.49420264,0.063158184,0.036113605,0.30421418,0.82709694,0.011688228,-0.2636267,-0.24178682,-0.07626913,-0.103807315,-0.3697668,-0.08678159,0.074043415,-0.096494086,0.14599937,-0.2868206,0.18997808,0.14747788,-0.2614604,0.11168116,-0.12894887,-0.11349246,-0.10413139,0.10233749,-0.21378055,-0.20943092,-0.45114958,-0.22564875,-0.27153084,0.3352455,-0.3840788,0.2766561,0.20282775,0.035718482,-0.0071244477,0.12136622,-0.3418564,0.2420843,0.26573125,0.31090078,0.02170938,0.096099354,-0.37405753,-0.12850857,0.24326514,0.09074637,-0.26105216,0.0023299325,0.12424639,0.1763548,-0.256608,-0.1293627,0.19800167,-0.36784065,0.22956318,-0.38334876,-0.22115044,0.054592177,-0.10785696,-0.006527023,-0.05985691,-0.42287827,0.013749552,0.13812299,-0.34079587,0.7075397,-0.1291379,-0.46259758,0.25759435,0.36118358,-0.59278756,0.6013272,-0.3098922,1.183097,0.17435426,0.18271424,-0.22157408,0.042734757,0.14980312,-0.13669124,-0.060119443,0.6537532,-0.67788976,0.4214708,-0.43970475,0.27939245,-0.16942768,0.20872816,0.053419095,0.16618778,0.43276662,0.7214468,0.22384006,-0.69819754,-0.30745646,0.13957486,-0.37873584,-0.027399328,-0.037365086,0.23018573,0.26677772,-0.6945221,-0.31625432,0.10563469,-0.0828618,0.12825881,-0.32215583,-0.2548527,-0.067903936,-0.015146409,0.02238436,0.13503438,-0.1928652,-0.058175758,-0.18485622,0.0013940447,-0.17292027,0.34911096,0.14406353,-0.07387179,0.29073426,-0.07715704,-0.13713443,-0.15308985,0.028909905,-0.20961477,0.31268427,-0.26702884,-0.21174374,0.03553281,-0.16413476,-0.20461471,-0.15120974,-0.12137559,0.049747705,0.32191396,0.053948686,-0.097198315,-0.04786474,0.20248343,-0.08803448,0.16207768,0.32639855,-0.12832735,-0.011560763,0.01616894,0.046786577,-0.034205973
7,-0.04250728,-0.13842785,-0.29562977,-0.26283252,0.008024289,-0.032698825,0.05547663,-0.22786343,0.06805728,-0.25430465,-0.053503934,0.06528826,0.23179922,0.15277283,0.096058674,0.5555489,0.019342236,0.35872367,-0.029471058,-0.28917417,-0.22558013,0.047570888,-0.12821727,-0.063932076,0.13627444,-0.07807436,-0.06021232,-0.23998362,0.030958327,0.17276205,-0.028442713,0.15273301,-0.05770765,0.8260373,0.15240109,-0.114827625,0.4369668,-0.056008305,0.33436146,-0.019827913,-0.26708737,0.10175961,0.052458487,0.06805494,0.08943891,-0.02552544,0.1134126,0.14298192,0.18043196,-0.11070395,-0.12167055,0.70843536,0.12478287,-0.072398886,0.21454407,0.40800545,-0.044120505,-0.17188002,0.3074113,0.18317313,0.051108297,0.62741524,0.20820835,0.42581126,0.5871925,0.11925414,0.12878366,0.36224076,0.029414644,0.20269777,-0.014205094,0.537556,0.28653863,0.27831328,0.28209272,-0.12744965,0.48977757,0.63950634,0.12769619,0.25662488,0.13080935,0.55362123,0.24701263,-0.13671532,-0.07455441,0.046171807,0.076341145,0.1478456,0.010932561,0.17997687,0.08787125,-0.068092905,0.3324103,0.044332575,0.04932266,-0.060759302,0.0085334,0.18233252,0.18000434,-0.078202374,-0.026885975,0.035022352,-0.07853708,-0.042936783,-0.114183284,-0.085402176,-0.36832297,-0.16889308,-0.14141028,-0.041112322,-0.015852503,0.34490994,-0.28256118,-0.613221,-0.14953795,0.2543906,0.4068376,0.19638075,-0.52933043,-0.089439824,0.052630097,-0.0872643,-0.054833326,-0.10991452,-0.21940933,0.3798801,0.12605162,-0.23164669,-0.12049344,0.1357814,-0.45853728,0.26232874,0.047613565,0.16495113,-0.041423187,-0.03194958,0.15443249,-0.18868856,0.10558587,-0.31014764,0.33723667,0.06570419,0.023153516,0.22928724,-0.16015252,-0.370425,-0.020400567,-0.10080262,-0.13852558,-0.39340493,0.28738135,0.5708414,-0.114582874,0.20837598,-0.10241586,0.70578647,-0.10117034,0.21978663,0.06926493,-0.022608798,0.20343667,-0.12505256,-0.03299812,0.087785766,-0.12890612,0.79278976,0.07710247,-0.26092118,0.33402807,0.023492862,0.38612852,0.013475161,-0.3105632,-0.119930886,-0.26320416,0.1522573,0.13262373,0.26711333,0.30365336,0.17853491,0.10670328,-0.025888909,-0.010536002,-0.10891812,0.10715118,-0.12423182,0.08687541,-0.0129239485,-0.14095768,0.3017462,-0.025053702,-0.13387962,-0.24193533,0.025467422,-0.16913047,0.05035354,-0.021196002,-0.12954025,-0.08765534,0.041966815,0.13398097,-0.017889101,0.33619514,0.103490725,0.22295651,0.12904872,-0.0030411005,0.2948555,-0.21708818,-0.30536652,0.24192335,-0.26269823,-0.038415827,0.27980986,0.12783934,-0.0062873876,0.32571396,-0.110902935,-0.13319592,-0.23641178,-0.08516083,0.03328058,-0.119966835,0.039803166
8,-0.040700108,-0.11865725,-0.1208695,0.1687774,-0.32749778,-0.088157654,-0.38702407,0.009170038,0.16502918,0.14604744,0.17781754,-0.0022869548,-0.15230143,-0.030116633,0.2801888,-0.40727028,0.09518562,-0.37135005,0.05283103,-0.0013759254,0.036253978,0.2104588,-0.0021970433,0.14024933,0.0037625122,-0.14790927,-0.103274964,-0.19908407,0.24354702,0.05337936,0.12464922,0.17158742,0.052030183,-0.42749918,0.21668918,0.06031905,0.23870793,-0.043946724,0.17556846,0.28653982,-0.12209878,0.027526805,0.12895139,-0.06127621,-0.22444168,-0.18169047,0.38578743,0.109219514,-0.10842027,-0.16187674,-0.046499714,-0.77156717,0.18456516,-0.14178717,0.10835184,0.21370791,0.253924,-0.2535663,0.36416668,-0.24938801,-0.050490346,-0.08108026,-0.27334687,0.31345016,0.20988292,0.17919809,-0.36334568,0.36167538,0.11584467,-0.1245589,0.36088794,0.12384666,0.08289222,-0.023797631,0.45312217,-0.37793735,-0.18332991,-0.1440668,0.32240146,0.32496566,0.36175656,0.037472457,0.49167183,-0.29744375,-0.32820725,0.088420056,-0.004954793,0.17628194,0.12706295,-0.059024747,0.21813571,-0.39086926,-0.21996857,0.050156374,0.008169773,-0.10588415,-0.2932511,-0.09212787,-0.024735484,0.0042210557,-0.19804573,0.09364921,-0.1453843,0.08372436,0.095753156,-0.20545974,0.1831855,-0.4337995,-0.30233964,-0.26330575,-0.1464775,-0.072945416,-0.1858763,-0.38598794,-0.22577988,-0.23504423,0.24757439,-0.042185728,0.15579736,0.08309808,-0.22739567,-0.16268715,-0.22756507,0.3680445,0.012648103,-0.1542544,-0.14564948,-0.74336797,0.023822445,0.021932237,0.19499622,-0.13546498,0.01616008,-0.16466847,0.19710484,-0.17998646,0.18168843,0.047645655,-0.37112635,0.2924575,0.027198292,0.07281378,-0.19760539,-0.07112521,-0.022142624,0.203901,-0.17940025,0.17649442,-0.35127178,0.14489172,-0.1592109,-0.24196565,0.3082576,-0.08979146,-0.20318864,0.2110683,-0.21269143,0.1739611,-0.010094932,0.008190208,-0.20736174,-0.18524256,-0.35568458,-0.115672715,-0.10253358,-0.5817539,0.28956294,0.1433868,-0.3703503,-0.29282996,-0.20175996,0.22303824,-0.060715295,-0.16670111,-0.21211609,0.053354096,-0.0609736,0.079113334,-0.17789209,-0.09506492,-0.17193799,-0.10805688,-0.20793329,-0.54550874,-0.44132897,-0.18189272,-0.16078866,-0.046798147,-0.107299305,-0.1440094,-0.17468584,-0.25058198,0.27842078,-0.05706804,-0.113587335,0.025316129,0.2409851,-0.15163879,-0.24875289,-0.10377258,0.2228469,-0.06935074,0.07200315,-0.104794495,-0.13669585,0.09162391,-0.17213632,0.05261005,-0.27102423,0.11471549,0.004383738,0.026606608,-0.026985906,-0.16355665,-0.14491212,0.052650735,-0.053168055,-0.11091373,-0.033474427,-0.107704915,0.33380723,0.029882021,-0.017746517,-0.17552736
9,0.17631818,0.031403996,-0.22959276,0.25201118,0.1597401,0.03976342,-0.019164216,0.055427413,0.0574574,0.060867246,0.30527923,-0.09455783,0.15832923,-0.28918257,0.1835033,0.017631555,-0.0007432563,-0.6978846,0.109213926,0.13190979,0.09349947,-0.22697948,-0.17698406,-0.49315166,-0.0018632767,-0.08360247,-0.1838297,-0.22537284,-0.41852933,0.028998628,0.13118608,-0.30973923,0.1380962,-0.21242185,0.042764045,-0.027173633,-0.08960476,-0.114544556,-0.17560966,-0.16654593,0.005565598,0.23741549,-0.017433023,0.14290513,-0.081179254,-0.24826004,0.14806701,-0.09598719,-0.09661083,0.07604606,-0.41549134,-0.08077653,0.112888366,-0.15570939,-0.09226672,-0.21494485,0.07345836,-0.38811612,-0.4045895,-0.022858704,0.1623875,0.11942251,0.00020445485,-0.07496458,-0.2774978,0.101533376,-0.15391499,-0.122042045,-0.23785542,0.02374186,-0.40710053,-0.1430725,-0.07946997,-0.038375616,-0.29966354,-0.2569824,0.15826036,-0.1955069,-0.034345265,-0.25021932,-0.48228362,-0.15431,-0.2822993,-0.1273187,-0.014733102,-0.18030295,-0.25359872,-0.16868341,0.21702747,-0.22716449,-0.15071557,-0.3450256,-0.28055012,-0.12856413,-0.3692612,-0.061291166,0.09112984,0.03930469,0.108660266,0.3959602,-0.40928605,-0.40565488,-0.51673716,-0.14347102,-0.08987903,0.4248209,-0.32039818,0.58426636,0.24935469,0.4243599,-0.18305565,-0.38259435,-0.47794843,0.10003871,0.35165676,-0.49812013,-0.2993051,0.024040425,-0.267573,-0.108670734,0.36562127,0.22592394,-0.20965359,-0.18547869,0.003864427,-0.15117742,0.026862016,-0.19685073,0.074299484,-0.043850083,-0.0007363137,0.20729372,0.19584778,-0.0062544816,0.075284354,0.16202585,-0.080667086,0.19679195,0.1021346,-0.09717014,-0.45403835,-0.30822647,-0.07463036,0.10430762,-0.0067955554,0.17902781,-0.3748398,-0.030529773,-0.09877424,-0.79301506,0.34279305,-0.21678221,0.03464532,0.001936724,-0.013511647,-0.21665396,0.31834143,-0.083776996,-0.3030783,0.21435842,0.059503123,-0.28554228,0.263315,0.31674787,0.25884876,-0.31572524,0.012645735,0.028014496,0.004075133,-0.40750068,-0.005323135,-0.14498466,-0.21236148,-0.18760026,-0.032375325,0.21761753,-0.0058533777,0.31810075,-0.11319495,0.035076577,-0.13535906,-0.15663294,0.13134046,-0.03451076,0.13519336,-0.34262303,-0.53200674,0.1461347,0.10557451,0.052031655,0.19885236,0.0289092,-0.2683891,0.15972084,0.35538632,-0.20741576,0.1425168,-0.08410078,0.015057581,0.07115958,-0.097145796,0.2059867,0.41170684,-0.17263596,-0.24475281,-0.008132963,-0.054356858,-0.2869993,-0.49544957,0.30303013,0.12019458,-0.18042804,-0.11821199,0.028442252,0.3282444,0.20480675,0.3184265,0.048673633,0.029721076,-0.12873621,0.08472043,0.21059091,0.09490055,0.113147706
10,0.03640605,0.58231425,0.08428227,0.23723213,0.037560716,-0.053432733,-0.27524847,0.14255254,0.104054995,0.17213231,-0.10899126,0.056335196,0.10518619,0.03071723,-0.474813,0.24550213,0.26979885,-0.09927449,-0.15025845,0.1176698,0.004643084,-0.066616595,-0.1995862,-0.46603847,-0.15999573,-0.18664551,-0.036279973,-0.27040803,-0.16217206,0.07522404,0.12325259,0.17925826,0.36788532,-0.25736567,-0.1681796,0.100135215,0.058889378,-0.20707701,-0.15749851,0.07185909,-0.30337468,0.20774636,0.21265893,0.3594901,-0.23443022,-0.12320726,-0.21659704,0.011134668,-0.28714445,-0.26573858,-0.030845087,-0.01944096,-0.053736392,-0.25651893,-0.040562905,0.0071606557,-0.16416855,-0.046814594,0.40476885,-0.046866093,0.3577614,-0.094089836,-0.52414805,-0.11629846,0.017777713,0.29651338,0.18471277,0.08135363,-0.14505649,-0.16819435,0.31364596,0.038945775,0.3428257,0.09080682,0.27211848,0.50378424,-0.18304437,0.022263996,0.022500986,0.1714114,0.45354697,-0.25882024,-0.10862612,0.4806617,0.44067603,-0.1865964,-0.2356013,-0.039069794,0.10257742,-0.07290339,0.24135529,0.30689853,0.111983374,-0.39487866,0.04041849,-0.07055948,-0.019418951,0.1683815,-0.13224614,-0.2337721,-0.18892787,0.14791149,0.18857604,-0.2307383,0.14749414,-0.17053777,-0.88181955,0.32024714,-0.092573546,0.029200757,0.3570422,0.23673087,0.13031921,0.53670996,0.269179,0.07637647,0.16351262,0.23865277,-0.60788804,-0.29590353,-0.104567155,-0.08037646,0.14755175,0.13403441,0.019008705,0.06451499,0.0760134,0.5841246,-0.1220947,0.21114236,0.17096092,-0.050955165,0.26325938,0.035731968,0.45107192,-0.16891581,0.562945,0.23445584,0.4158405,0.2573369,-0.07932136,0.039654966,0.35908931,-0.16379589,0.38753358,-0.10477407,-0.18169926,0.4465995,0.5612841,0.15511681,0.3117179,-0.0909932,0.22625372,0.018399239,-0.25451216,0.008227465,0.25192487,-0.087353475,-0.45258892,-0.1205904,0.03789028,0.29611093,0.51835674,-0.10813341,0.101804025,-0.065336056,0.4775831,-0.038510986,0.034708742,-0.37471965,0.111763194,0.08372017,0.19072057,-0.56066805,-0.14843436,0.07496434,0.032333385,0.10408137,0.020893345,-0.0221986,0.18161558,-0.048276544,-0.13328794,-0.27845114,0.23551586,-0.3085814,-0.43411624,-0.10596828,0.24799573,0.15312915,0.044354547,-0.015447839,0.14819935,-0.05970051,-0.1147437,-0.051421534,0.20263888,0.35736907,0.6471613,-0.12453468,0.10001462,0.20404904,-0.119789526,-0.08440096,-0.08226111,-0.010008685,0.40455982,0.018692227,-0.19232023,-0.102878526,0.081187636,0.12022117,-0.03503696,0.06000718,0.0078047947,0.22929746,-0.044576656,-0.092368744,-0.1052685,-0.018128062,-0.091716096,-0.05284769,-0.008183667,0.1936269
11,0.45280644,-0.3799844,-0.46414843,0.33703345,0.18887289,-0.1457613,0.059121657,-0.12466788,-0.11679602,0.34380227,0.36666352,0.08114264,0.5184572,-0.3662808,-0.584026,0.0088008735,-0.1979159,0.11305339,0.3736025,0.38215873,0.29127696,-0.20985903,-0.107431196,-0.26046428,0.18200068,0.44970894,0.088330954,0.087171786,-0.22522019,0.23758723,0.3696056,0.12991184,0.12649709,0.25611666,-0.07485779,0.07245562,-0.27767873,-0.02430926,-0.120001055,0.15375103,0.14033371,-0.018039394,-0.074513525,0.40576828,0.27359152,0.1621702,0.7223745,0.008376652,0.12773849,0.24101461,0.39418712,-0.07060876,0.25765955,0.07327479,0.64670026,-0.18673111,-0.3680562,-0.2436962,-0.05243569,-0.034486078,0.38302493,-0.20609595,-0.3139745,-0.16527176,-0.4157333,-0.048533853,-0.17407335,-0.40949425,-0.09667593,-0.21055058,-0.11110745,-0.20455326,0.21043143,0.180956,0.19718416,-0.082312986,-0.081124336,0.20163216,0.081051804,-0.25054538,-0.07412783,-0.15379281,-0.14960398,-0.087579526,0.04524864,0.16116366,-0.3576583,-0.017685028,-0.05101281,-0.08150093,-0.25512555,-0.33088508,0.46332723,-0.07079098,0.12920983,-0.13066821,-0.04627441,0.18181407,0.16082853,0.03191875,0.24579866,0.10349512,0.28871357,0.15357704,0.009306979,-0.13285887,0.086307555,0.005425883,-0.020423645,-0.2548723,0.19713554,0.3470571,0.004325373,0.13400689,-0.054705072,0.53640467,-0.28175753,0.3198625,0.22553964,-0.057010084,-0.09640527,0.13772629,0.195995,-0.29165757,0.2511722,0.32547796,-0.43822598,0.038821213,-0.17777881,-0.0984311,-0.08407733,0.088746615,-0.14060976,0.10226738,0.00979159,-0.24729985,0.17368568,-0.6364522,-0.17222725,0.01030766,-1.0076216,-0.19623683,-0.017761983,-0.49550873,0.2498647,0.05164735,-0.29798737,0.40311757,-0.12294323,-0.12368056,-0.25018984,0.09720501,-0.32878953,0.03761868,-0.3325445,-0.33692852,0.26495796,-0.34191462,-0.19597578,-0.10012437,-0.043807615,0.23377126,-0.049655627,-0.061249975,0.13443044,-0.32077393,0.4154241,-0.18340212,0.014547794,-0.16296919,0.056949686,-0.11521632,-0.022393145,-0.27857456,0.014629118,0.25857455,0.11194179,0.04036495,-0.11228591,0.0070366096,-0.23443398,0.013286127,0.18308835,0.015754549,-0.15934843,-0.21299106,0.35152262,0.15628786,0.03522209,0.031775616,0.18410732,-0.03608492,-0.1036034,0.335013,0.16765104,0.04185203,-0.23859496,-0.21381018,-0.040911663,0.16094044,0.05885445,-0.058764916,0.061697666,-0.2833315,0.20204468,-0.104909636,-0.10512099,-0.32670105,-0.022713676,0.11011971,0.010924986,-0.39050907,-0.34355676,0.22564875,0.3085719,-0.15143922,0.011420047,0.16151828,0.46406502,0.059634056,0.0073417276,0.35693967,0.14448066,0.15064502
12,-0.12737487,-0.1772784,0.28644413,0.19592828,0.002760485,0.25518215,-0.18386662,0.08923126,-0.07366279,0.09457183,-0.098804004,0.26860893,0.007515319,0.07938304,0.22027779,0.3943757,0.02970133,0.31876558,-0.094185255,-0.0050020833,-0.20977584,0.14281826,0.36535323,0.6491389,0.2245698,0.60975355,0.22023569,0.5013369,0.34564587,0.18209167,0.16386366,0.39813903,-0.002234981,0.2699452,0.34894013,0.092468835,0.05758876,0.68657225,0.28009337,-0.16335106,0.2646466,-0.12723936,0.10740123,0.22750612,0.41218272,0.24602339,0.39188203,-0.16630726,0.25742146,0.23129925,0.19827414,0.13638288,-0.030271096,0.3335058,-0.13766725,0.28893223,-0.16477501,0.4203758,0.34813216,0.2745183,0.17388278,0.27868482,0.21663134,0.20752575,0.03992538,0.07442691,0.7212233,-0.35069522,0.15037726,0.048994336,-0.0048293076,-0.03870595,0.09066556,0.2787676,-0.09844052,0.64760244,0.10970315,0.09501228,0.06560139,-0.20022231,-0.46236402,0.015356574,0.5858625,0.39833233,0.71720475,-0.124617875,0.16328596,0.05917677,0.01533378,-0.02259034,0.3937855,0.22596496,0.022561545,-0.3098282,0.1345057,-0.580602,-0.13480699,-0.12537992,0.18097182,-0.045787487,-0.05228295,0.3181505,-0.035405997,-0.107839204,0.22310466,-0.013741166,-0.039405003,-0.028063124,-0.0041226367,-0.01344064,0.102068804,-0.24810316,0.18665764,0.043003164,-0.014742865,-0.02682363,0.15693083,-0.095889136,-0.09661187,0.5952,-0.13199326,-0.19379649,-0.13860977,-0.32269436,-0.3976622,-0.21833727,0.0094355745,-0.3028834,0.27627015,-0.27130967,-0.21004793,-0.22004755,-0.25527003,-0.24449275,-0.14779514,-0.0952635,-0.16016816,-0.16611506,0.08961742,-0.014695781,-0.061223354,-0.45749417,-0.31479457,-0.13146485,-0.25436807,-0.23177737,0.02077176,0.25072882,-0.008694922,0.8603568,-0.24164,-0.45985967,-0.20142372,-0.34952754,0.04149578,-0.41316602,-0.23804139,-0.3756078,-0.1473035,0.004148021,-0.017837558,-0.27008146,0.020885287,-0.085514404,-0.27840605,0.04597121,-0.03575593,-0.25822884,-0.09445532,-0.12530431,-0.25069597,-0.27677152,-0.25554886,-0.12202993,-0.0791209,-0.39521325,-0.053241163,0.116184056,-0.050374508,0.035238646,0.017948352,-0.27618325,-0.10485313,-0.084995545,-0.17166041,0.022838175,-0.22039759,-0.29980886,0.03807132,0.062645644,-0.03450213,-0.23140405,-0.06582961,-0.3886405,-0.38988295,-0.1373022,-0.097097605,-0.22316544,0.15257849,-0.18269818,-0.4750545,-0.3182461,-0.17381819,0.07285284,-0.0965816,0.1333276,-0.25379324,-0.114393495,0.23146461,-0.13837907,0.27516323,0.38809478,0.14621474,0.1192638,0.02005784,-0.004134562,0.14099026,0.18200447,0.031473704,-0.24128968,-0.1156345,-0.03145099,-0.18530355,0.055452455
13,0.36413583,0.43017486,0.26543662,0.17198353,0.2887941,0.30381322,0.17303237,0.13395818,0.4810167,0.34540355,0.25309592,0.35438338,0.33312717,-0.10330842,0.19083986,0.18599421,0.068719715,-0.26563042,0.42964748,0.03597662,0.061327323,0.30832502,0.3534746,-0.30110145,-0.53133565,0.57955396,-0.29754588,0.21697526,-0.032771006,-0.07823841,-0.13242765,0.39361703,0.1934453,0.047704946,0.07939976,0.34439668,0.44287017,-0.26662883,-0.093622066,-0.3418535,-0.42655128,0.23748773,0.1256865,-0.36272293,-0.4937249,0.37079227,0.34365875,-0.28174788,0.33056766,0.35581475,-0.096944004,0.045121953,-0.010819839,0.4209729,-0.20441817,-0.1345854,-0.18988207,0.1423025,0.10070224,0.29053727,-0.32123485,0.49763897,0.010155124,0.3371578,0.4584618,0.24564853,0.23918317,0.22398388,-0.52271795,0.08598527,0.07843058,0.493627,0.34808797,-0.55767494,-0.10030844,0.041409045,0.36328885,0.3498306,0.21260774,0.17765398,0.16377075,0.4675928,-0.2963892,0.07567512,0.39326182,0.46227744,0.047012873,-0.21980292,-0.094744295,-0.017326698,0.19980466,0.42578673,0.45432433,0.38291454,0.34762928,0.2422399,0.5202782,0.5020222,0.44606498,0.18501222,0.44647422,0.28334332,0.5418636,0.41903785,0.1568406,0.105165355,0.29702199,0.41224456,0.3421386,0.6630592,0.17108475,0.36254123,0.3633421,0.31922185,0.25435105,0.31577677,0.2996589,0.3068926,0.22823724,-0.035807863,-0.06262634,0.38340768,0.16355437,0.35619432,0.3495647,0.50689816,0.374693,-0.06701377,-0.19183283,-0.049272195,0.24813704,0.030090561,-0.06535381,0.15964584,-0.30076796,0.3659853,-0.20569672,0.40250114,0.40918514,0.19112131,0.38909888,-0.06311048,0.29988706,-0.28239855,0.4530547,-0.009431129,0.8597647,0.16544683,0.25859985,0.06706559,0.03506886,-0.54954296,0.4928468,-0.15976688,0.12296644,-0.109235175,0.17118567,-0.3233493,0.5171168,0.0061112964,0.6459896,0.33119878,0.5006713,0.5033501,0.53235036,-0.5806336,0.10505595,0.5299878,-0.27071616,0.7175151,-0.11568771,0.07276741,-0.3752248,0.28484324,0.18345119,0.280928,-0.54089093,-0.36667964,-0.0800582,-0.2584338,-0.016985778,-0.47089413,0.018544182,0.34785244,0.4472656,0.059005804,0.12654823,0.26067773,-0.4496348,0.24776489,0.16504698,0.0923183,0.11277663,-0.10699541,0.38730612,-0.23307207,-0.094055586,0.05293539,-0.49332368,0.4697199,0.6112008,0.41087627,-0.5467328,0.033699065,0.12443665,-0.38574982,-0.28334185,-0.40807524,0.13803484,0.20610374,0.3613826,0.1543879,0.15665662,0.34495887,0.49756932,0.09727063,0.21841384,0.33707696,0.2954583,0.12198499,0.19430742,0.4827181,0.17210887,0.19315623
14,0.13401176,0.08041096,0.061859082,0.14854981,-0.01860276,-0.47149688,-0.18830383,0.14582528,-0.08737917,0.16216296,-0.13477251,0.242399,0.07023007,-0.86492866,0.013969235,0.07807312,0.2116601,-0.20043875,0.14470814,0.42286837,0.21227242,-0.40193546,-0.27639678,0.11981099,0.16289112,0.042200055,-0.17124882,0.19004114,-0.0636792,-0.1507346,-0.03580397,0.32699785,0.11870512,0.16394903,-0.5288302,0.025813878,0.05471477,0.10636009,-0.5372171,-0.041637424,0.31507155,0.11296617,0.0049034506,0.29425016,-0.13439618,0.04462333,-0.28381833,-0.037295397,0.1093525,0.04223088,-0.18511525,0.3590958,-0.06645243,-0.46076125,-0.1426641,-0.63313794,-0.03668288,-0.3853584,-0.09469152,-0.018078292,0.29585686,-0.39231312,0.016100872,0.21040192,-0.054193065,0.14097805,0.011871971,0.28961998,-0.15718862,0.100632876,0.2905553,-0.03046144,0.15728727,0.22681653,0.54073566,-0.2634014,-0.39141044,0.5557215,0.28622583,0.020988263,0.17327556,-0.064690806,0.69095755,-0.17044674,-0.12773298,0.3377838,0.24145976,0.41116834,0.39512604,0.014285641,0.049818937,0.24509135,-0.017510194,0.047326244,0.21762384,-0.0065551507,0.03553538,0.10483806,0.1449659,-0.060720496,0.53958696,0.124609,0.031930998,0.11503132,0.086399585,0.0011927203,-0.59881914,0.04467363,0.03735003,0.09300788,-0.08769718,0.11519136,0.04790258,0.03097661,0.00456803,0.074969485,-0.19299717,0.11189794,-0.20720264,0.4431167,-0.12284506,0.3326073,-0.010545091,-0.30897292,0.030387545,-0.072781436,-0.14386335,-0.43790507,0.25232953,-0.16455507,0.11246486,-0.07484848,0.054974686,-0.34743252,-0.036582973,-0.08781798,0.04402896,-0.115575686,0.03638539,-0.25929347,-0.23890418,0.14282078,0.09197612,-0.34278512,-0.12802984,-0.3578889,-0.05938559,-0.13969918,-0.028414609,-0.7351794,0.071802095,-0.03392669,-0.086627185,-0.17151898,-0.13005851,0.062141385,-0.11772894,0.17120846,-0.23379304,-0.006240317,-0.20235275,-0.37949005,-0.13186051,0.12220576,0.023768522,-0.36814475,-0.03969457,-0.42645228,-0.103001945,0.016946416,-0.07612947,0.113872424,-0.08881158,0.06867884,-0.21230733,-0.18312576,0.027483415,-0.3111046,0.17358214,-0.109032005,-0.26304224,0.07577976,-0.26122573,-0.7792007,-0.20577848,-0.4716522,-0.4472509,-0.38093427,0.107764505,0.1577573,-0.38236806,-0.21720691,-0.01723032,-0.15284735,-0.10297396,-0.08267076,0.06029895,-0.21786268,-0.15002756,-0.3958826,-0.013781608,-0.117596485,0.37671876,-0.16646679,-0.23987517,-0.18580456,-0.033537365,-0.30715236,-0.5336202,-0.12294446,-0.07329609,0.16662866,0.026623877,0.0018932718,0.11803165,0.16664928,-0.60003495,0.038865395,-0.15589522,0.16308832,-0.17345303,-0.006280824,-0.10974914,0.06633415
15,-0.12054077,-0.2215238,0.1465486,-0.1762232,0.12598233,0.2701896,0.31713,-0.27149162,0.20806007,-0.045568928,-0.008774223,0.22606716,-0.036185846,0.12656203,0.29261726,-0.07833634,-0.124327205,-0.439209,-0.003197916,-0.051451184,-0.1467627,-0.027901247,0.14357236,-0.17268167,-0.51284236,-0.29484642,-0.20547491,0.098787956,-0.38420868,-0.32686946,0.057811514,0.21350011,0.3256606,-0.21619545,0.25159052,0.1473965,0.36133558,-0.21980043,-0.029878462,-0.35086146,-0.47502163,0.5168618,0.036569048,-0.2661123,-0.4118808,0.48502886,0.30038932,-0.4044093,-0.009966618,0.18699804,-0.04140174,0.26626176,0.014817239,0.14437391,-0.18193461,-0.12648033,0.19822425,-0.01693082,-0.0034639158,0.17394152,-0.17038998,0.24813248,0.13209283,0.24700779,0.47049055,0.093912646,-0.30199564,-0.15654449,-0.4540769,0.16809702,-0.04704852,0.41107216,0.10691209,-0.6683046,-0.22706936,0.043074116,0.3124776,0.06760791,-0.071522996,0.022219285,0.14792836,0.32906613,-0.043761488,-0.1824181,0.15701187,-0.1368536,-0.11029257,0.43340614,0.39464924,0.34826633,0.3430437,0.19473472,0.19662999,0.12807791,0.14251782,0.027866473,0.05319421,0.17829916,0.084622286,-0.2453849,0.03740996,0.14778557,0.08737496,-0.23660117,0.17120335,-0.23519987,-0.23997721,-0.10362522,0.017395439,-0.18203788,-0.021961462,0.036168147,0.28668433,0.07448571,-0.025989864,0.32980427,0.28929815,0.2337989,-0.27097023,0.35017085,-0.16466425,0.22296791,0.2543088,0.710825,-0.029580636,0.263036,0.22359018,0.14620441,0.15791047,0.1643642,-0.23861319,0.084707946,0.34653687,0.14653684,0.11139655,-0.012276347,-0.012822661,0.40891257,0.2835055,-0.57173735,0.22646147,-0.40741435,0.12374735,0.0804027,-0.15884273,-0.120217845,0.0050132065,0.050406165,0.24943297,0.14414349,-0.1457687,0.19901577,0.18607569,-0.04568364,-0.25161588,-0.10406125,-0.18054886,-0.23364829,-0.24608426,-0.23143087,0.17816967,-0.05637535,-0.036200006,-0.06245042,-0.102108486,-0.21693271,0.48870507,-0.19462553,0.45039013,0.09018538,0.28786695,-0.12827405,0.11091657,0.09850569,0.2777231,-0.0036191195,-0.034872077,0.09270577,-0.0014972108,-0.09655037,0.16205315,-0.2566785,-0.06783574,-0.12707967,0.19749628,0.07170388,-0.17531992,-0.009292855,0.04081791,0.052616626,0.2096157,0.12320419,-0.21087553,0.18235283,0.26586762,0.09853148,-0.088303395,0.22321515,-0.05249629,0.2638418,0.09804907,0.21434589,-0.20636824,0.18513675,0.14340772,0.06105469,0.019537393,-0.032905467,0.19612505,0.28322986,0.06526462,0.124882795,0.17465644,0.09833607,-0.009133646,0.047053024,0.2666567,0.12181661,0.11551055,0.44759586,0.48309234,0.09919958,0.059977263,0.011442277
16,-0.22874507,-0.13448128,-0.21992187,0.02833943,-0.13889955,-0.14514366,-0.062367734,0.08770385,0.040316615,-0.08245791,-0.05148574,0.046655666,-0.2698062,-0.45535865,0.19406544,0.13051252,-0.106150895,0.04901433,-0.3363519,-0.08519533,-0.03845638,-0.45929912,-0.2002007,-0.22439651,-0.02212377,0.31629476,0.00010934891,-0.15063536,0.0032343108,0.08053029,-0.21048026,0.10016261,-0.03363368,0.055319756,-0.5776394,0.09850556,0.25385752,-0.046925806,-0.6994194,0.1309019,0.23969609,0.039415706,0.034702506,-0.05171667,-0.1572345,-0.012555348,0.2097993,0.09208067,0.017824704,-0.17462513,0.22737059,0.04557632,0.09473032,-0.18982191,-0.17298397,-0.05966355,0.036623552,0.19987793,0.21355504,0.029052608,-0.0854043,-0.11844343,0.40526763,0.056859683,0.16442852,0.03764222,0.2035227,-0.120269574,-0.0846578,-0.024028005,0.20164973,0.33735558,0.007861865,0.13109007,-0.23112142,0.1852805,-0.043318287,0.19564132,0.114181586,0.17439522,-0.053796805,0.06449814,-0.1824695,0.30694428,0.20790225,0.28065717,0.042237587,-0.38039592,-0.11690685,0.058894332,-0.14609472,-0.08289689,0.13819444,0.09326909,-0.103120126,-0.27029002,0.022011213,0.1837591,0.14567608,-0.034384023,0.23833495,-0.062366202,-0.1886496,0.35291913,-0.01339805,-0.15095168,-0.058558483,-0.1707815,-0.19582164,-0.028546205,-0.21299589,-0.02098991,-0.113001555,-0.24847507,-0.108238876,0.22215778,-0.0972081,-0.102201656,-0.20217834,-0.124255285,-0.21521957,-0.018838957,0.3061127,-0.42943794,-0.05652614,-0.08109008,-0.070476554,-0.35593957,-0.11317484,-0.039972506,-0.2404331,-0.10170276,-0.19297409,0.22606719,-0.20014189,-0.08581843,-0.21935177,-0.12967423,-0.10786982,-0.021896832,-0.17516626,0.1146178,-0.10546353,0.19721746,0.104633614,-0.19797862,-0.10248648,-0.6880856,-0.07444587,-0.5882783,-0.43046054,-0.010508043,0.08477443,0.020761287,-0.32202518,0.22309679,-0.3267821,-0.07114817,0.10883707,-0.52168685,-0.10459454,0.3586623,-0.054820146,-0.19893517,0.093098074,-0.08734724,-0.58906674,-0.13858047,0.019091154,-0.1515927,-0.04615386,-0.13712198,-0.050206136,0.16083097,-0.13607138,-0.28213212,0.053376805,-0.02729554,0.045401253,0.17930976,-0.09490997,0.29169208,-0.12729986,0.325534,-0.057364885,0.098464906,0.09816201,-0.058038794,0.11336074,0.03613623,0.029875915,-0.23865187,0.09399056,-0.10255818,-0.1418621,-0.21666668,-0.07526853,-0.4728847,-0.11390281,0.20835862,0.25406104,-0.21882686,-0.06492083,-0.25563127,0.18122426,-0.33603528,-0.01076021,-0.012242074,0.32933193,-0.19392006,-0.13538684,-0.31505406,-0.2952188,0.024556393,-0.22542743,0.13461469,-0.54589397,-0.13193288,-0.027743911,0.1215805,-0.041372724,-0.12658112,-0.22982924,-0.020442782
17,0.012470863,0.29134145,-0.022379357,-0.2252818,0.06101096,0.17540748,-0.31039867,-0.09921504,-0.09567684,-0.075613774,0.13846406,0.10127196,0.0022280312,0.07834785,0.29383153,0.07135556,0.23372322,0.114441216,-0.023068601,-0.08245952,0.027193341,-0.009991689,0.010160091,-0.12357469,0.2256211,-0.42301965,0.036647264,-0.33001968,0.0574303,0.13900246,-0.07553805,-0.06761404,-0.18644051,0.027854921,-0.13182165,0.15127678,-0.030435843,-0.0559143,0.3023506,0.012383192,0.21793674,0.13441603,-0.08587848,0.16534595,0.18265049,-0.14080442,0.14891118,-0.063305184,-0.08727381,0.009652333,0.08330969,0.216733,0.24594967,-0.10726506,0.1646071,0.42897588,0.15873839,-0.10185462,0.01586144,-0.019848242,0.1469785,0.3627381,0.14652318,0.16384126,0.18865584,-0.16130255,-0.3905533,0.12580414,0.2017433,0.1583229,0.0012215351,0.09151201,-0.26439956,0.3463419,-0.043586593,-0.42589825,0.27267063,-0.23723362,0.09664654,0.14512879,-0.21059804,0.090633094,0.11660609,-0.5600641,-0.3870599,-0.007837702,0.43874377,0.59577185,0.51472825,0.058541805,0.2551828,0.28524294,-0.24814978,0.29939318,0.19902259,0.30563506,-0.06725487,-0.14021102,-0.23963398,0.36102238,-0.17132705,0.15333666,0.18531123,0.29578498,0.16809939,0.3602363,0.93437964,0.75969803,0.577264,0.8884508,0.25070658,0.14687783,0.2847524,0.7899398,0.44613427,-0.19143376,0.49733916,-0.04531431,1.0009211,-0.008333838,0.38752118,0.3863268,0.1913551,0.6360102,0.31159362,-0.13459283,-0.09845198,0.03176344,0.39820892,-0.39873588,-0.059860773,-0.14040053,-0.09415464,0.027024135,-0.20076668,0.109210156,-0.3136421,-0.20382084,0.03544142,0.024574894,-0.042395785,0.13987203,-0.14063841,0.22045667,-0.074656576,0.19654696,-0.0798046,0.09074289,-0.07419693,-0.46415052,0.23762661,0.22063154,0.123179734,-0.23470628,0.16904168,0.26870495,0.3950699,0.38456783,0.6403006,0.4061489,-0.22855322,-0.14099962,-0.12568897,0.34235996,0.32796887,-0.13771707,-0.22357199,-0.23159379,0.09382112,0.10718961,0.11511173,-0.07948846,-0.12225426,-0.09049116,-0.49784338,-0.5168676,0.0790363,-0.13584653,0.005515381,-0.010190158,-0.47463033,0.16286224,0.11525397,0.18895566,-0.3423868,-0.086179234,-0.27949587,-0.30623466,0.19968861,-0.19137485,-0.028193986,-0.22555317,0.25487077,-0.19041444,-0.05007515,-0.041011535,0.07367136,-0.30619144,-0.1670837,-0.26087502,-0.15400316,-0.40449348,0.29293036,-0.021780565,0.12483262,-0.003442499,0.17680708,-0.33610496,-0.059094068,-0.13809556,-0.23996961,-0.17181368,-0.2101116,0.11925797,0.12697941,0.06884239,0.03360561,-0.22198357,-0.32579577,-0.027852213,0.13994361,-0.17252535,-0.0027949824,0.047780287
18,-0.058452506,-0.42907733,0.06322779,-0.019038849,0.17566867,0.20838797,0.18579638,-0.5795826,-0.119084835,0.23467998,0.0020423338,-0.09576787,0.06704981,0.3141626,0.41923332,0.33822906,-0.18161081,0.26248065,-0.097393714,-0.1681122,-0.20140149,-0.02158723,0.149394,0.4838785,-0.06308937,-0.0738235,0.096875,0.03865956,0.114711024,0.2501921,-0.03792336,-0.32669762,-0.14506945,0.3810406,0.42415494,0.1365746,-0.15146083,0.5528271,-0.31662753,0.5276779,0.04072093,-0.20136766,-0.10476636,-0.21822703,0.4112279,-0.06459118,0.3410355,0.22389255,0.27816987,0.023388991,0.07406388,0.188594,0.44300997,0.07145726,0.59108347,-0.25489724,-0.44017753,-0.5977201,-0.11373502,-0.28970858,-0.26240817,-0.41406417,-0.566019,-0.37602797,-0.23350729,-0.18005198,-0.10873713,0.27262935,0.28623378,-0.053823613,-0.016245326,0.22647157,-0.055064626,0.003897524,-0.18736126,-0.36073342,-0.37439862,-0.55810547,-0.30840692,0.25194314,-0.043773305,-0.3079594,0.097369716,-0.27548072,-0.22438106,-0.046624217,0.1253016,0.321764,0.13007812,-0.3162043,-0.05763688,-0.3927327,-0.03695731,-0.034833178,-0.05545867,0.27138484,-0.083547756,0.15298553,0.12500219,0.10296616,-0.19174248,0.1331847,-0.6041277,0.020338034,-0.12792692,0.27856058,0.098368704,0.054274026,0.32156834,-0.34721828,-0.3632059,-0.0964804,-0.4162636,0.060306843,0.32948616,0.14528494,-0.06890566,-0.011603908,0.29413953,0.33814922,0.33542255,0.3131172,0.25881743,0.032370053,0.36381668,-0.05748524,-0.74203193,-0.2686544,0.34616575,-0.4143088,0.011392044,-0.23011121,-0.32798278,-0.30382463,-0.42927325,0.44282615,-0.6805458,-0.435808,-0.41336715,0.2371696,0.54346335,0.16445349,-0.4267789,-0.26285854,0.3043358,0.37337247,-0.2237377,0.21757516,-0.37136632,-0.3640417,0.33654135,0.6070869,-0.5342289,0.4333218,0.52650285,0.53849894,0.18284063,0.3622966,-0.07389121,0.6461843,-0.33307433,0.431815,-0.3829099,0.37099072,0.41527978,0.5104901,0.024989232,-0.33081186,0.15266393,0.07830501,-0.005143194,-0.38843444,-0.27980238,0.059080396,-0.20923711,-0.56741655,-0.09274498,-0.6285051,0.037259184,-0.10256798,-0.17290086,-0.03690755,-0.739714,-0.59219587,-0.4799099,-0.56009847,-0.25698265,-0.42002097,-0.37303242,-0.11546911,-0.65708697,-0.24931565,-0.14208455,-0.55230266,-0.42791194,0.16475439,-0.05706916,-0.32484886,-0.358123,-0.282534,0.2650413,-0.5850172,-0.010785666,-0.41302174,-0.48833477,-0.0900857,0.011415151,-0.1993983,-0.15448566,-0.45353615,0.38256776,0.21456297,0.053427044,0.118150644,0.16935763,-0.27549502,0.031417392,0.0340658,-0.031932198,-0.21824771,0.095615804,0.1130159,-0.050242864,0.26929143
19,-0.14010201,-0.1815563,0.4659882,0.23970987,0.24387169,0.41412604,-0.08265277,-0.08904679,0.19391143,0.14875673,-0.0017909184,0.21954605,0.49325722,-0.16681717,-0.03552561,0.5713149,0.090658925,0.31529015,0.02295637,0.010496553,-0.2103816,0.39695165,0.2735456,0.18779191,-0.08134095,0.10600932,-0.15131202,0.36378208,-0.09620803,-0.2783915,0.0098244585,0.18824208,0.13335174,0.33375663,-0.043266125,0.058928,-0.26360187,0.11642987,0.49208805,0.0621333,-0.049916223,0.24675435,0.07058459,-0.114823066,-0.24529718,0.36455345,-0.20801872,-0.01411185,0.4851032,0.20217174,0.03718485,0.05853859,0.0032277745,0.38246647,-0.752212,0.45940205,-0.40227318,-0.16271286,0.023718243,0.010849454,-0.12939776,0.24055631,-0.11866953,-0.27417004,-0.25058892,-0.007742224,-0.12247801,-0.77667075,-0.07175339,0.10146297,-0.19467545,-0.14655627,0.10338116,-0.2279978,-0.5227575,-0.35138997,-0.44724163,-0.12384899,-0.20181975,-0.4342305,-0.36215186,-0.38346055,-0.34434903,-0.23191382,-0.19959264,-0.019818753,0.16897196,-0.36286134,-0.25243524,-0.2939404,-0.37499392,-0.22521113,0.3428006,-0.068134695,0.21514708,-0.122557096,-0.026799917,0.014502696,0.26561597,-0.5182574,0.16457422,0.045996122,0.13326134,-0.077486135,0.21775565,-0.15961632,-0.83276695,-0.28117982,-0.21849224,-0.43134812,0.15734021,-0.16764517,0.15235679,-0.36179462,-0.22229493,0.26447672,-0.2954454,0.22639695,-0.57816577,-0.31380048,-0.4702509,-0.17771596,-0.16701557,-0.07861994,-0.28490314,0.21801229,-0.0672786,0.11391187,-0.18037458,0.21414967,0.1008555,0.07951333,0.06018308,0.42110494,0.032638084,-0.48256958,-0.15891711,-0.25312194,0.12370036,-0.041535754,-0.4667854,-0.12727737,0.16724946,0.06739956,-0.1352914,-0.19277254,-0.38424176,-0.27149564,-0.069548845,0.17658609,-0.21753596,-0.3780058,0.032394256,-0.089746475,-0.26343977,-0.14568576,-0.47752136,-0.38126537,-0.67810434,-0.12257314,0.010112881,0.09307773,-0.09300711,-0.188825,-0.07111084,-0.47679558,-0.2299265,0.058051277,0.049609803,-0.15091182,0.34217578,0.0012404196,-0.3899046,0.010623545,0.22516823,0.18391427,-0.2504978,0.26180047,0.2791241,-0.019705962,0.09568895,0.15795165,0.054485984,0.41702762,0.06573237,0.23596619,-0.00985293,0.22558136,-0.012555592,0.37170997,0.210159,0.3185228,0.13877717,-0.060555845,0.15982515,0.13668884,-0.072834045,-0.081557274,-0.5931503,0.32201236,0.154383,0.041538473,0.044531498,0.116070196,0.40127152,0.020530012,0.049047705,0.17103255,-0.07199317,0.08693637,0.4182324,0.50404,0.2700419,0.35305873,0.5352174,-0.014255154,0.18304253,0.31944212,0.03821106,-0.048882112,0.23840946,0.3797253,0.23705001,0.44690335
20,-0.512151,-0.46373528,0.14027049,-0.391775,0.112126544,-0.100161284,0.051954888,-0.35894153,-0.059592232,-0.13857807,-0.39921707,0.21226816,-0.18878426,-0.24638538,-0.18505149,0.293942,-0.37079644,0.104899466,-0.317241,-0.41036597,-0.23890118,-0.38300565,0.06250942,-0.10019507,-0.091407545,-0.102804415,-0.20196329,0.10878448,-0.2986019,-0.23263302,-0.31005654,0.23100007,0.3418131,0.18160008,-0.060768593,0.33856198,0.035478033,0.054750443,-0.34512007,0.2058916,-0.2562606,0.090225674,0.19605744,-0.4168938,-0.12625228,-0.12453497,-0.20824632,0.23032951,0.14646783,-0.06492978,-0.3739396,-0.5194962,0.1648677,-0.25834683,-0.39490405,0.11687189,0.11413236,-0.5299298,0.2596064,0.013342844,-0.35568056,-0.18912706,-0.06577532,0.30653083,0.08276654,0.12040461,0.2159132,0.114949524,0.059186745,-0.36436963,0.0854028,-0.020317934,0.18167688,-0.3537138,0.12920377,-0.05938639,0.1310396,0.09938202,0.16928923,-0.10480502,0.24786071,0.045047417,0.43740097,-0.13858743,-0.046227206,0.17788103,0.19497862,0.018271673,0.13048649,-0.13626473,0.107495606,0.46292043,0.30581543,0.14763936,-0.16940892,0.011470478,0.115438186,0.10837017,0.093791015,0.06424109,0.23817797,-0.08339806,0.081209704,0.17267865,0.055336513,-0.06940609,-0.3748071,-0.19441593,0.21749981,-0.28178427,0.10926557,0.3505433,0.28286013,0.23210762,0.070822135,0.14781265,-0.03386843,0.0008114585,-0.101243906,0.17711556,-0.14961122,-0.038132332,0.26241252,-0.7632576,0.02779483,-0.13795018,0.09882616,-0.39673713,0.044156175,0.23703757,0.35732105,0.2130704,0.24641809,-0.19118369,0.2458008,0.17812495,0.3057149,0.21825136,0.13651313,0.032602392,0.22942652,0.5144376,0.19948028,0.96627337,0.26089895,0.2040823,-0.011290369,0.22254533,0.16762637,0.30136582,0.39309394,0.14786401,-0.12407416,0.21043755,-0.10877177,0.2369215,0.39450905,0.40799427,0.21295138,-0.29066157,0.047692373,0.230664,0.20262119,0.0039068456,0.05470407,-0.077950165,0.3261809,0.07289533,0.32082188,0.1909418,0.08874587,0.102756955,0.27805492,0.072521545,0.11447965,0.4064939,0.21502928,0.47439912,0.44692847,0.00519156,0.03748471,0.26125225,0.22935577,0.033931356,0.06835529,0.24523121,0.018476604,0.4258112,0.35754064,0.090273835,0.4393426,0.3003723,0.3807287,0.5209054,0.50773007,0.5757869,0.18611687,0.056834403,0.3733662,0.113415286,0.025916126,0.19028649,0.14659756,0.12005513,0.19380255,0.26372164,0.107911795,0.06663327,0.28576678,0.05081698,-0.042694762,0.1833667,-0.047192067,0.16792864,-0.072336785,-0.21102358,0.13989472,-0.041860882,0.07711539,-0.055760402,0.004260248,-0.05855722,-0.10647372,-0.10476723
21,-0.5597791,-0.37401336,-0.11579402,-0.3102269,-0.27061903,-0.44427407,-0.20721638,-0.32745862,0.04955696,0.07634905,-0.2759185,-0.18426676,-0.40018517,-0.42482114,-0.054447632,-0.32003057,0.03704377,-0.090524286,-0.3868136,-0.36008418,-0.40567374,-0.24008064,0.022069449,0.37031242,0.0634804,-0.040976286,0.058794964,0.049953617,-0.2122739,-0.25663656,-0.33047134,-0.1479086,-0.052452575,0.0022701286,-0.15039973,-0.25767046,-0.09964492,0.19682893,-0.006289599,-0.101324625,-0.009329545,0.0050432784,0.16044444,-0.34377047,0.11224935,-0.068953246,-0.07889524,0.059668988,-0.11491094,-0.25700805,-0.30276707,-0.26769552,0.027695423,-0.31530207,0.09074857,-0.32984024,0.21138512,0.3271123,-0.015938224,-0.2398004,-0.3869296,-0.15107684,0.18268801,-0.16583626,-0.36190793,0.049375743,0.034137446,0.067554474,-0.06184752,-0.16356947,0.23820722,-0.25931388,0.09243363,-0.2267928,-0.51136553,0.19230275,0.08576954,0.27844474,0.009201195,-0.24063051,0.20206212,-0.23777187,-0.24136141,0.12368869,-0.0155537175,-0.042197566,-0.011022632,-0.4770489,-0.41920853,-0.019852886,0.23232141,-0.08666956,-0.020452483,-0.24458894,-0.2957374,-0.048597008,-0.19046913,-0.09379335,-0.18629277,0.03249716,-0.20991018,-0.042706016,0.035742667,0.0055066133,-0.19680847,-0.076485746,0.49734566,-0.008697719,-0.1498685,0.036413085,-0.04448121,0.19467866,0.033959962,-0.2868172,-0.023419226,-0.11166176,-0.06331316,-0.33906633,0.19567862,-0.12188435,-0.04331129,0.07885251,0.19313118,-0.18042621,0.18530473,-0.046694227,0.33691955,0.08637886,-0.37090787,0.10692253,0.57267934,0.07465501,0.2381422,0.13801242,0.16007385,-0.07951509,0.25138646,0.2545992,0.40775234,0.71416575,0.7487336,0.42628706,0.12224553,0.10840689,0.5552347,0.55102384,0.26368546,0.33528912,0.1774,1.1808996,-0.096442744,0.28314936,0.12659366,0.14540708,-0.3172894,-0.095099665,-0.12562548,0.624359,0.59587044,-0.14026019,-0.08441444,0.3797263,0.2390239,-0.08708766,-0.033864517,0.10249893,0.026835604,0.46050903,0.05688175,0.12590799,0.15827137,0.19497025,0.22264951,0.27763247,0.078271665,0.054162897,0.5072736,0.33308524,0.09603336,0.12511861,-0.10780272,0.4264653,0.0890812,-0.15765001,0.097593874,-0.44868684,-0.4493207,-0.012321442,0.5363413,0.21460575,0.011230401,0.37336352,0.34666842,0.20419525,0.04380613,0.40254277,0.416148,0.3499979,0.36650252,-0.2376115,-0.13518433,0.10556673,0.60651994,0.12383659,-0.10612504,0.40082437,0.4739231,0.073599726,-0.37285832,0.19478334,-0.12962843,0.17151996,0.20078994,-0.44817737,-0.44844124,-0.08517806,-0.47912753,-0.107675664,-0.36119214,-0.13718587,0.12918013,-0.1594658,0.03519623,-0.20392546
22,-0.05023514,0.19454627,-0.103674,0.041232705,0.19491595,0.038439013,-0.0004386565,0.31190607,-0.102550685,0.06884835,0.036284,0.06175653,0.08650821,0.35171354,0.063503556,0.07404841,0.077580504,0.39484692,0.021491474,0.015331846,0.1377893,0.14548829,-0.0026432052,-0.1651931,-0.1730124,0.09057933,0.04056517,0.060698856,0.13640486,-0.098419674,-0.19186464,0.29921526,-0.29682124,0.45387992,0.009715084,-0.09911379,0.026745686,-0.1541777,0.24548073,0.03890244,0.0049550813,-0.22143546,-0.19779268,-0.055350553,0.26035205,0.026824301,0.027237745,0.10749652,0.2330742,0.43250248,0.12491874,0.35275486,0.012366384,0.295556,0.14995319,0.1397227,-0.08975682,0.10057164,-0.2514432,0.03452852,-0.028016191,0.054014686,-0.076137826,0.29701197,0.20463441,-0.037206367,0.5318634,-0.36370504,0.164957,-0.195912,-0.10790195,-0.085465185,-0.05094349,-0.16129677,0.14276557,0.27311146,0.3710314,0.236836,0.08519902,-0.38960674,-0.086132124,0.020363076,-0.21178369,0.1926254,0.3300124,0.039901197,-0.16217226,-0.24030308,-0.25541106,0.060269002,-0.0472124,0.057440683,-0.262359,0.15427464,-0.3278405,-0.023047352,-0.05172755,0.12202583,0.058046456,-0.30005914,-0.016002355,-0.01820862,0.17655374,-0.05763081,-0.18831076,-0.21467169,0.6016792,-0.08539298,0.1535642,0.010164421,-0.1885921,0.1821055,0.013723583,-0.17350808,-0.04629545,-0.23899265,0.10800556,-0.10186782,0.44746658,-0.24518615,-0.299692,-0.20667103,0.022729984,0.16868399,-0.196723,-0.20262603,-0.094161,-0.49026436,-0.38593087,-0.29641742,-0.26929122,-0.26741683,-0.08998318,-0.3755648,-0.2106025,-0.3871029,-0.42707267,-0.2794272,-0.22695376,-0.20288101,-0.26354367,-0.1677665,-0.2481624,0.23473527,0.13403088,-0.6946359,-0.26401523,-0.0984806,-0.35379735,-0.22654575,-0.22290073,0.04556633,-0.2064926,-0.19197503,-0.2467768,-0.29281196,-0.14100312,-0.24012291,-0.019977385,-0.16997789,-0.6217723,-0.40707147,-0.29805362,-0.099161536,-0.08801739,0.16503824,0.16241664,0.039232,-0.027098026,-0.07363219,-0.2938685,0.118624166,-0.19294271,0.14258212,-0.12627271,0.14021927,-0.06459007,-0.7200825,-0.20522885,-0.09026274,-0.3534355,0.06927659,-0.07103224,-0.156191,-0.076739274,-0.43871677,-0.084674865,0.15317804,-0.5840587,-0.09914217,-0.26499188,0.068264864,-0.19149745,0.14605266,-0.08589459,0.1481148,-0.040182304,-0.24075633,-0.4297707,-0.1409624,0.0222013,0.10466662,-0.14927387,-0.0037909388,-0.14553736,0.040698785,-0.030089155,-0.35079947,-0.14350638,0.19959179,-0.11562099,-0.10071785,-0.1202508,0.17554992,0.043187328,0.15853867,0.16991383,0.05785824,0.117685355,-0.22431578,0.25387666,0.049504653,0.11194598,0.029389141
23,0.064807236,-0.39341262,-0.21956949,-0.31977803,-0.17983183,0.07241222,-0.14444368,-0.43410468,-0.2991749,-0.15529701,-0.11543663,-0.21161322,0.08840391,-0.12875195,-0.3662214,-0.06527751,-0.40710026,-0.25909027,-0.03635081,-0.34903362,-0.01901614,-0.21554954,-0.18048602,-0.059491366,-0.2896651,-0.36945632,0.03950958,-0.06981499,-0.37426284,-0.039515905,-0.05541345,-0.18660057,-0.062905684,0.07922428,-0.10699789,-0.2484729,-0.0036384433,-0.12963542,-0.24161917,-0.05262531,-0.26526704,-0.16673127,-0.058748282,-0.043582764,-0.0698888,-0.058668677,0.022941845,0.13391851,-0.15320984,-0.30175915,-0.073014386,0.27411067,-0.2981318,-0.15209194,0.21512678,0.013294624,-0.11021077,-0.15418817,-0.12904127,0.072749086,-0.04715588,0.028259046,-0.16552468,-0.15562434,-0.058769356,0.047996055,-0.12870093,0.12614599,0.11662247,-0.24646969,0.268058,0.034492377,-0.04254109,0.021527248,0.24703875,0.0014137566,-0.22278339,0.10173826,-0.10183756,-0.18318482,0.13733797,0.36741838,0.014219884,-0.24515797,-0.05053701,0.032856617,-0.021279257,-0.26994982,-0.28912896,-0.021437433,-0.010034966,-0.13835508,0.035600994,0.47999543,0.37002704,-0.28361747,0.32097164,-0.078175806,-0.07737876,-0.20331109,0.010231261,0.21249399,-0.13904741,0.07222863,0.42925647,-0.23375534,0.33417943,0.014337459,-0.16254662,-0.29491714,0.055120796,0.19163378,0.1557732,-0.3764928,-0.116949156,0.13543694,0.09106944,0.16356327,0.19497202,-0.40503934,-0.20741194,-0.096348636,0.08085247,0.25951716,0.094407514,0.084358655,-0.03449036,0.09364521,-0.39943463,0.017995462,-0.31782588,0.16914012,0.15320644,0.3027482,0.059573922,-0.19030617,0.1422673,-0.041002557,0.3648043,0.19823122,-0.5749083,-0.26905262,0.26852447,0.25883576,0.13884318,-0.22839063,0.12255402,-0.0056344927,0.18917812,0.36358032,-0.19740391,0.061448902,0.009197777,0.26150605,-0.082565546,-0.48503244,-0.1542233,-0.7354546,-0.032420732,-0.18387051,0.5139428,0.23412861,0.6302671,-0.122416236,-0.07263844,-0.23546368,0.08803503,-0.17943272,0.1787813,0.22959626,0.10698173,0.15743352,0.26598144,0.25973845,0.06916827,0.24043888,0.08743851,-0.001720745,0.3569799,-0.18882982,-0.020232575,0.11306346,0.15274298,-0.21819028,0.068559,-0.5777241,-0.5425786,0.26739636,0.07325289,0.23587866,0.041735984,0.19235292,0.24823461,0.22317933,0.21876064,0.2202695,0.2939329,0.05965439,0.23654285,-0.08215795,0.22445622,0.010267275,-0.13423702,0.22302675,-0.58965176,0.02005828,0.35552084,0.33744732,-0.36813846,0.08256816,-0.14276971,-0.10663006,-0.14087658,-0.07301167,0.0075187595,-0.16023311,-0.45860317,-0.08867199,-0.33162564,-0.34565485,-0.28937092,-0.26010835,-0.2716596,-0.184744
24,0.30848977,0.24038433,0.5695803,0.21833508,0.17761658,0.08113985,0.0357245,0.24956045,0.47453228,0.2858009,0.31836903,0.3518298,0.060071174,-0.46365586,-0.123223715,0.33851928,0.4009175,0.1049083,0.34051394,-0.18627605,0.1450902,0.0012125084,0.08996632,0.029645015,0.24366032,-0.061333977,0.5115926,-0.025340952,0.27470845,0.28210804,0.24505262,0.38203895,0.07395017,0.34604046,-0.41773665,0.24701247,0.09467955,-0.13926855,-0.22005408,0.28414303,0.12171919,0.22790436,0.25942934,0.4088356,-0.061574087,0.18095794,0.48236236,0.4310454,0.23346321,0.26463762,0.21957518,0.082001515,0.3469332,-0.23714928,-0.8792556,-0.29461995,0.020526398,-0.19433671,0.09089371,-0.20609182,0.35040033,0.16764319,0.008378015,0.22496891,-0.117374666,0.34025604,0.08666394,0.01137119,0.45447597,-0.048390474,0.05926272,-0.083685726,0.041981086,0.3127322,-0.31589484,0.10038604,0.22240202,-0.09330328,-0.11086451,0.04135971,0.35215482,0.009947775,-0.56098986,-0.13440013,-0.009998459,0.06775088,-0.47663227,-0.53373414,-0.33534354,0.04229173,0.12070079,-0.25533614,-0.15185402,0.25956777,0.008738995,-0.44514197,0.025465874,0.15481675,0.118948385,-0.18961313,0.019538868,-0.20511056,0.14838733,0.03264504,-0.032451488,-0.033643015,-0.15370458,-0.05506631,0.0740323,-0.45877883,0.09331088,0.4301297,0.15484047,-0.08000932,0.07712163,-0.10646181,0.30148238,0.25872582,-0.12745546,-0.22167179,0.065399006,0.042305995,0.023549855,-0.3344434,-0.1739842,-0.24133681,0.014954205,-0.21866444,-0.10379958,0.19705221,-0.47989276,0.09479673,0.20291084,-0.14523809,0.25076637,0.05187843,0.6012788,0.19368328,0.198958,-0.30608302,-0.34672374,0.28502944,0.031618677,0.057797518,-0.21694641,-0.45416683,0.26898244,0.13029236,0.11891064,0.5883576,-0.2882135,-0.0916182,0.09168842,0.17415541,-0.13385792,-0.26120675,0.023791855,0.049119696,0.22870511,-0.21484144,0.24859068,-0.070777856,0.08656495,-0.19298989,-0.0009999336,-0.29975548,-0.089119226,0.09443364,-0.16927029,0.32413223,0.25217706,0.21594824,0.22988033,0.012058857,0.18558405,0.24377021,0.3610599,-0.00961674,0.32023466,0.25386146,0.3494226,0.17706719,0.23979887,0.11440719,0.009164528,0.09037487,-0.003436522,0.21597779,0.27226493,0.15754966,-0.15256737,0.19269827,0.16138867,0.18784861,0.10922353,0.23808362,0.09895828,0.15413816,0.41520923,0.10735935,-0.03937654,0.042403158,0.2732581,0.27819052,-0.14032124,0.27034423,0.08222114,0.11600756,0.36711803,-0.024313707,0.48613593,0.048255764,0.34707582,0.30281705,0.2267052,0.18941173,0.34675997,0.0911578,-0.004305676,0.033522423,0.1397426,0.026858917,0.3518024,0.32160342
25,-0.40029567,-0.35829753,-0.33854815,-0.2672789,-0.032315455,0.098920755,-0.13328725,-0.2607691,-0.18559182,-0.10552125,-0.13080764,-0.012406123,0.002415257,-0.080072716,-0.38149375,0.003343491,-0.40577793,-0.19092001,-0.2654551,-0.3897317,-0.3765845,0.14786324,-0.31993383,-0.52177274,-0.31911647,0.093466,-0.43883374,-0.06004952,-0.23393685,-0.09693241,-0.2732958,-0.15914714,-0.036224928,0.1712057,-0.046248123,0.098228395,-0.14608122,-0.26645657,-0.09268797,-0.4342579,-0.7461134,0.16136764,0.06262787,-0.25002953,-0.23041241,0.11950959,-0.22333187,-0.41639864,0.11741898,-0.1759188,-0.31167886,0.51949245,0.0036386931,-0.026786985,0.31107348,-0.20390905,-0.19504511,-0.12458141,-0.43969327,-0.37430835,-0.27066955,-0.19875875,-0.5307806,-0.1723808,-0.41130832,-0.22101979,-0.34124896,-0.028527645,-0.7350543,-0.060984712,-0.5378683,-0.10250293,-0.1305496,-0.32528827,-0.60673755,-0.3515231,-0.39907983,0.17024489,-0.56650954,0.061982706,-0.46740645,-0.29838282,-0.8603025,-0.11797037,-0.25693357,0.1791976,0.14520966,-0.115934886,-0.48482618,0.020353226,0.15303536,-0.12632747,0.025582388,0.31478673,0.122460015,0.02983517,0.12783246,-0.014831125,0.047857393,-0.18609524,0.27363124,0.5068625,0.098353654,0.40265274,-0.018531367,-0.33084357,-0.14964405,-0.05051296,-0.06863649,0.15333544,-0.22842838,0.072878264,0.09271431,0.1613747,-0.084259875,-0.025743257,0.1735231,0.10446689,0.07916489,-0.8508143,-0.19165687,0.23445211,0.08796447,-0.3654605,0.15893443,0.20221525,-0.00985475,-0.071138665,-0.6818487,-0.14605351,-0.153477,-0.1384739,-0.0009710591,0.13973016,-0.10136367,-0.18441127,-0.33133498,-0.18011588,-0.16908593,-0.055617362,0.60852695,-0.49667063,-0.2899317,-0.06900122,-0.2293821,-0.45960015,0.22850838,-0.051418032,-0.32034168,0.37392184,-0.23730795,-0.35975555,0.07530716,-0.29283708,-0.3562945,-0.38286456,-0.038176727,-0.53978807,0.24614628,-0.23875685,0.017673941,-0.31036028,-0.07961527,0.17694199,0.1431112,-0.27774584,-0.47558558,-0.049484078,-0.28945544,0.067317665,-0.06272787,-0.10832374,-0.36974216,-0.213867,0.031745702,-0.15043455,-0.0040295064,-0.26032007,-0.2528402,0.024846766,-0.1492325,-0.25679517,0.17844555,0.2500201,0.019082988,0.24018867,0.50553846,0.057924386,-0.1810482,0.1526122,-0.1381284,0.15572757,-0.2149004,0.121674225,0.005559791,0.030061359,0.018712968,-0.14222877,-0.44798374,0.19259886,-0.18563963,-0.010556763,-0.24317726,0.05065991,0.044886876,-0.023399768,-0.20915039,-0.06923444,0.15163511,-0.116103046,-0.034750607,-0.23393339,-0.28538066,-0.076168716,-0.07911897,-0.2467896,-0.028178819,-0.08918939,0.13386802,-0.114231184,-0.011977041,0.020724183,-0.21651357,0.14571515
26,-0.36475235,-0.33519596,0.2838862,-0.2867907,-0.1448646,-0.12289497,-0.28863323,-0.5027342,0.19102694,-0.2847723,-0.57545817,-0.12737766,-0.08294651,0.22894269,0.25728133,0.004572196,-0.28788897,-0.43908077,-0.32553795,-0.50366473,-0.47801068,-0.16651002,0.105262116,0.20628461,-0.47314373,-0.3930227,-0.26498568,-0.2050053,0.08034121,-0.23746894,-0.25340047,0.010017646,-0.13634361,-0.047178645,0.2914493,-0.25446993,-0.06901085,0.04186564,0.0938355,-0.64688605,-0.6373009,-0.25422597,-0.11873903,-0.2079424,-0.31012675,-0.2718383,-0.43483227,-0.25976682,-0.24307424,-0.389196,-0.39863694,0.010113844,-0.60747695,-0.20048834,-0.4337717,0.27284136,-0.09514383,0.41562125,0.42288512,-0.19943503,-0.2451529,0.14832172,-0.37785816,-0.051771693,0.087561004,-0.005326725,0.064309925,-0.5234688,-0.32817242,-0.27126664,-0.5927092,-0.17840435,-0.20531183,-0.3631566,0.3468921,0.25975087,0.34179482,-0.12768012,0.007698055,-0.51542807,-0.7848279,-0.06497037,0.025197055,0.117970064,0.2802679,-0.39823985,-0.2489288,0.119779766,-0.13480529,-0.21853228,0.16602965,0.14655824,0.0233343,-0.09436724,0.18509059,-0.31087518,-0.11084627,-0.15519865,-0.32576245,-0.045884438,-0.31798443,-0.09672057,0.06340998,-0.35651127,0.11032733,0.021165788,-0.38397944,-0.081786156,-0.1979642,-0.5374823,0.3385391,-0.2385937,-0.026624927,-0.22978972,-0.039581154,-0.23520651,0.2923624,-0.16086465,-0.49308494,0.1667802,0.060294013,-0.43452907,-0.1451361,0.036373157,-0.33910793,-0.24173267,-0.24651623,0.3430896,0.29362354,-0.11257658,0.095914386,-0.03457181,0.14890148,-0.08864078,-0.07144866,-0.068518735,-0.4760239,0.0048816935,0.31982145,0.15483558,0.3605873,-0.78351134,-0.020069214,-0.36949453,-0.14466523,0.3157941,0.41566917,0.1577819,0.098443,0.75354105,0.19049019,-0.25229564,-0.20866019,-0.109595545,-0.20376848,0.4510661,-0.016971506,-0.4155286,0.15237048,0.13057072,-0.03449999,-0.12092832,-0.00071895734,-0.13986039,-0.17129743,-0.2181289,-0.09001784,-0.04801055,-0.15785502,0.41833752,-0.06888738,-0.22705814,0.16870777,-0.07000044,0.11845417,0.006551074,-0.12667467,-0.25805408,0.18408565,0.19613165,0.081538774,-0.32261476,-0.35555577,0.28338158,0.10085358,0.59151673,0.25739908,-0.40622053,-0.14602356,0.021222027,0.045176756,0.0947504,0.12165768,-0.30277452,0.19023263,0.15851201,-0.03833885,0.2585807,-0.1116459,0.06175676,-0.25307474,0.008169235,-0.17493498,-0.18878758,0.14543357,0.045963727,-0.10335702,0.20293915,0.30466798,-0.011263684,0.13261002,-0.06569984,0.10898897,-0.176589,-0.32133588,-0.13044629,-0.06946023,-0.19135338,-0.14060965,-0.055676337,-0.008775697,-0.29384172,-0.048985127,-0.1495186
27,0.10716211,0.30753675,-0.071937285,0.065607935,0.28048176,-0.2521531,0.06390925,0.360573,-0.1957819,0.06646208,-0.08439867,-0.2832508,0.03421822,-1.0164952,-0.60947675,0.20012222,0.057612076,0.31913543,0.14588903,0.07377576,0.17953356,-0.34711802,-0.14766541,0.4003649,0.16341852,0.074286446,0.33727655,0.29899293,0.24760889,0.3377566,0.14479642,-0.27217475,-0.07981859,0.47413647,-0.44170707,-0.13641405,0.0783259,0.25074142,-0.75698286,0.18121658,-0.24237762,-0.04720357,-0.28093705,0.29291221,-0.19158043,0.24857107,0.15727137,0.14736494,0.06316506,-0.2143227,0.25394192,0.6821114,0.12327733,-0.22205015,-0.03815578,-0.3400871,0.0040665213,0.1434355,-0.29648396,0.18309486,0.31115243,-0.14109704,0.124772996,-0.012512982,0.09555142,-0.029043179,0.13521367,0.3433643,0.31393638,0.021016208,0.25336906,-0.10593016,0.08171179,0.39366668,-0.23026516,0.065094575,0.009941935,-0.3012943,-0.22653048,0.06347795,0.41127053,0.058368202,0.2047722,0.13958812,0.15460299,-0.1975199,-0.58931243,0.24486448,-0.22684875,-0.23399763,-0.048534207,-0.060185757,0.2620124,-0.52330947,-0.16465491,0.19070314,-0.2036805,0.051985644,-0.06901946,0.14892489,-0.35948074,-0.37437257,-0.40254644,-0.12885007,-0.3239578,0.46133912,-0.7874926,0.110620014,0.028006347,0.5737005,-0.42516956,0.3438343,-0.6541809,0.3121343,0.39294627,0.22169659,-0.2938814,0.14806344,-0.37723744,0.08317519,0.38740414,-0.23042929,-0.1655806,0.047255095,-0.5311522,0.28705555,-0.21410774,-0.24202469,0.30053693,-0.04010946,0.0360575,-0.017851247,-0.25751057,-0.06416635,0.06441052,0.2537015,0.4482012,-0.20708276,-0.080919206,0.14307512,0.24584633,0.45956028,-0.41551778,0.21631794,0.15972142,0.4940022,0.07219556,0.16551197,-0.1998719,1.0951,0.23491415,0.10315261,-0.24480826,0.18223268,0.074637175,0.09829849,0.2193139,0.33430138,-0.22673227,0.37333748,-0.22241454,0.19416332,-0.16907936,-0.14202975,0.016835254,-0.012672556,0.16700225,0.5500196,0.31108138,0.046714358,-0.21969974,0.44542226,0.3914604,0.164192,-0.2081451,0.13889591,0.21263391,0.3480796,-0.06011903,0.09562128,0.13970089,0.072445415,-0.0018545804,0.21616235,-0.33992997,0.08863104,-0.4521873,0.118495405,0.16382526,-0.2571303,0.111299984,0.027456047,0.36305237,0.12015396,0.14006443,-0.042210277,0.06648984,-0.16017157,0.3635939,-0.024390409,-0.01990474,-0.1758441,0.024424193,-0.030546341,-0.08758647,0.13555166,0.13837346,-0.10568497,-0.03176224,0.20293084,0.12451997,0.10618622,-0.050808262,0.056123663,0.009515401,0.16866425,-0.35596865,0.05079986,0.11767898,-0.285994,-0.041406956,-0.20109186,0.1541055,0.13257076
28,-0.2619744,-0.33673555,-0.42412978,-0.31852964,0.14697999,-0.56451315,0.1856144,-0.17743354,-0.4234882,-0.2614401,-0.00962875,-0.06446148,-0.011287752,-0.8424585,0.30870712,-0.43109134,-0.43586418,-0.04703188,-0.36090642,-0.23749997,-0.047435604,-0.58883756,-0.40184855,0.015759923,0.07174556,-0.10897463,0.036003664,-0.22348519,0.12779683,0.11360014,0.1735931,0.26259044,-0.1873723,0.4689683,-1.0625991,-0.16904925,-0.0025229903,0.13019885,-0.9726455,-0.034574658,-0.014914323,-0.13385327,0.057660114,-0.065424606,-0.37830856,-0.116796255,0.24114072,0.08902621,0.066844314,-0.12397902,0.03220712,0.77071434,0.19734214,-0.6778566,-1.1507235,-0.102204114,-0.29230395,-0.06261203,0.032620255,-0.017829867,-0.047163047,-0.17639989,-0.005460637,0.15663938,-0.08128082,-0.11295601,0.107353136,-0.11377327,0.031996768,-0.050825737,-0.076234646,0.013308751,0.17988294,0.051418528,-0.0002495807,0.15556593,-0.2082093,0.1813488,-0.14488512,0.13234153,0.102562234,-0.19765984,0.63372767,0.18693157,0.0032848513,0.49776638,0.5616471,0.7219703,0.85320884,0.28406623,-0.19996618,0.09810366,0.24277318,0.59470624,0.2540766,0.62610674,0.27519247,0.2674976,0.13172083,0.5234195,0.44829652,0.39618397,0.43985724,0.6963886,0.3619233,0.57204324,0.71712446,0.47968894,0.47007272,0.3941916,0.20000266,-0.14413127,0.3046637,0.37897456,0.3913367,0.18480074,-0.109863766,0.13165304,0.42819974,0.556854,0.6220738,0.51860243,0.2504409,0.5162672,0.31771508,0.2452473,-0.4459519,0.039874274,0.5751721,0.0998524,0.3971855,0.22075385,-0.0688379,0.1645102,0.1447035,0.05037386,0.1188859,-0.36931995,-0.067128025,0.67361665,0.3028134,-0.21551718,0.11486242,-0.06192349,0.20264693,0.5603558,0.19331753,0.42504498,-0.10591223,0.4810948,0.4079048,0.36628017,-0.31061435,0.036741745,0.01944118,0.23721707,0.5050529,-0.04278484,0.5300088,0.338335,0.17717448,0.17021829,0.038794104,0.24076748,0.3818955,0.26528218,0.33064052,0.45940152,0.17867005,-0.028997032,-0.13535598,-0.24208023,-0.11044604,0.050108753,0.09718368,0.09508631,0.034246076,0.3071905,-0.091185525,0.42712098,-0.10285912,0.2021468,0.41251564,0.70668787,0.08572589,0.18821327,0.13151701,-0.05775297,-0.06572359,0.1300988,0.008119332,-0.043518998,-0.31800848,-0.011268625,-0.051990055,0.2928466,0.36166513,-0.08855075,0.21101063,0.5183497,0.35999689,0.061867002,0.15190358,0.3639676,0.24074188,0.14363751,-0.039433926,0.4220475,0.43074006,0.06843144,-0.18621634,-0.42853677,-0.33446658,-0.029421763,-0.11551091,-0.0814162,-0.54627913,-0.14869423,-0.29178575,-0.074644044,-0.21445507,-0.108985096,-0.16015735,-0.29279327
29,0.07832973,-0.2351898,-0.11678201,-0.46515524,-0.024158204,0.17664601,0.21424663,-0.3675344,-0.0015369781,-0.14728169,-0.00054278097,0.2230132,0.023999684,-0.023925986,0.080076754,-0.7822155,0.049399275,0.21270622,0.16280244,-0.16897517,0.02996657,0.271636,0.14270991,0.0755435,0.05623182,-0.16579947,-0.085928164,-0.11689523,0.06757159,-0.07781932,-0.4255561,0.48941574,-0.20778427,-0.22240658,0.09694917,-0.12144382,0.2379512,0.07326534,0.23980154,-0.3480626,0.4440447,-0.10120628,-0.09765146,0.024312334,0.0083124,-0.2340603,0.020562608,-0.45555812,-0.0026257825,0.072511196,-0.20674625,-0.49748465,-0.06307587,-0.07738188,-0.028865218,0.08021875,-0.13872917,-0.34067905,0.08334892,0.036361385,0.016269874,0.13787206,-0.22513346,0.11346017,0.29180196,0.043349586,-0.30768225,-0.08777989,-0.31959292,-0.21852107,0.1387828,0.12252306,0.2517104,0.082460314,-0.03438399,-0.13208961,-0.44053024,0.32382572,-0.10152836,-0.14288741,0.3571299,-0.09033445,0.095100395,-0.4183613,-0.40013963,0.0011453349,-0.27699208,0.089300916,-0.09914689,0.075815976,-0.104254015,0.05541146,0.27113888,-0.26439515,-0.11784577,-0.15594234,-0.18051629,0.35550606,0.055378485,0.050582457,0.15236838,-0.20978473,0.34422266,-0.10204086,-0.15374213,-0.088799976,-0.41064048,-0.087418035,-0.14113599,-0.03377716,-0.10651,0.18221414,0.1351287,0.11228956,0.08891192,0.082835525,0.003889289,-0.066466816,-0.32428178,-0.10851699,-0.24245931,0.017200066,-0.10959142,-0.31015494,-0.047936153,0.3780248,-0.07532576,-0.6079735,0.016987305,-0.11536909,0.24543014,-0.28256848,-0.42558455,-0.1017391,-0.05390572,0.23560788,-0.10117167,-0.56773096,0.08058872,-0.020952053,0.031674348,0.33429042,-0.028677268,-0.40602428,0.21238227,0.20529898,0.17867927,0.007358368,0.07474948,-0.063277595,0.030536577,-0.17176029,-0.21251068,-0.23640281,0.0052313223,-0.119355895,-0.0518064,0.07812098,0.04948553,-0.19023323,0.19150214,0.35651866,0.22054644,-0.07891439,0.18699074,-0.4134669,0.34779084,0.35699153,-0.3499697,-0.122580126,-0.16224009,-0.21496798,-0.5757386,-0.35001567,-0.5545853,-0.58765966,-0.6282703,-0.05275932,-0.53290325,-0.10277032,-0.4558304,-0.3589768,-0.16462843,-0.17648043,-0.4570639,-0.20410767,-0.43454018,-0.45508835,-0.70296204,-0.1763248,-0.39780653,-0.47679263,-0.4063188,-0.76451474,-0.35766456,-0.74210966,-0.5591016,-0.49622247,-0.2210983,-0.21169794,0.34972215,-0.39196202,-0.5556168,0.014509877,-0.16639306,-0.3710604,-0.38322604,-0.31195664,-0.2546635,-0.34368083,-0.5331023,-0.014565374,-0.12606831,0.07914941,-0.1845812,-0.061018456,0.16973215,0.051312108,-0.13437547,-0.0016575004,-0.16889666,0.05448702,0.07546441,-0.22344543
30,-0.30300647,-0.00067700713,-0.19353932,0.029675135,-0.17213714,-0.26929677,-0.30318093,-0.055405136,-0.07007963,0.11883168,-0.3051479,0.034512542,-0.20256068,-0.2015945,-0.27365077,0.24482305,0.15835331,-0.38992053,-0.17062694,-0.05487563,-0.18831967,-0.28826338,-0.30359614,-0.14989997,-0.4592006,-0.2597529,-0.3982066,0.07631564,-0.14831348,-0.1808898,-0.14225501,0.15801279,-0.02042228,-0.35908934,-0.5619427,0.0086862175,-0.06631004,-0.24659394,-0.44681826,-0.5710549,-0.16434634,-0.16007797,-0.36913356,-0.07188859,-0.17710984,-0.12998398,-0.30350453,-0.42570305,-0.06030548,-0.11573297,-0.46281824,-0.8897937,-0.34549886,-0.13544555,-0.10370929,-0.56320024,-0.14525285,0.16543463,0.4663665,-0.17612669,-0.108759314,0.22225198,-0.11732256,-0.2810115,-0.07437655,-0.083387315,0.29596272,0.4986884,-0.7755102,-0.07628441,0.16805068,0.012721665,0.00818276,-0.41155457,-1.0471588,0.21188067,0.29732135,-0.1596422,-0.13258755,0.2763036,0.056571163,-0.14839156,-0.37409085,0.25040212,0.30084866,0.08096058,0.1323119,0.088478565,0.07675717,0.07378735,-0.06451234,-0.018240122,0.0016225718,0.052153315,-0.05793085,-0.13737133,0.0980115,-0.025820462,0.06339617,0.023766033,0.17638685,0.40528333,0.2558686,0.07723903,0.048397046,0.13601503,-0.017402252,0.10982713,0.1860218,-0.2582065,0.26187056,0.14327382,0.35464963,0.018194336,0.23257133,-0.11405821,0.2332412,-0.016372675,-0.03682001,-0.26220414,0.08341986,0.41318306,-0.09857577,0.18579587,0.20705171,-0.12743342,-0.0366419,-0.094647504,0.0075075272,-0.28336942,-0.08494872,-0.057568386,-0.101054914,-0.13667469,-0.059484027,0.018703297,0.11208183,-0.031666454,-0.23835824,-0.30403936,0.26801196,0.16797836,0.0075044674,0.1470324,0.00515553,0.50346065,0.15153894,0.21772501,-0.037740186,0.45349044,-0.03496799,-0.5545569,0.020212717,-0.06891074,0.18059856,0.17635466,0.15498176,0.094567955,0.35425788,0.1276442,-0.0045175646,0.038308978,-0.11629659,0.16765049,-0.08953687,-0.7138435,-0.21247327,0.11218847,0.036251787,0.2681159,-0.051332776,0.15168996,-0.2004691,-0.30833304,0.08970655,-0.04664895,-0.2653562,0.0029715619,-0.1409836,-0.53343886,0.04107128,-0.5896423,-0.3327439,-0.50303274,-0.0074613066,-0.31457904,0.1942503,-0.10946658,-0.0312572,-0.2531604,-0.074004866,-0.17281531,0.1717325,0.015809555,-0.2667441,-0.24520254,-0.46671402,0.0116353985,-0.11476696,-0.19303197,0.2026153,-0.10918173,-0.46648335,-0.22257414,-0.23006152,-0.42676648,0.05395457,-0.5398387,-0.24827412,-0.30597505,0.13755727,0.036440466,0.15910071,-0.19966632,-0.19159916,-0.03265052,-0.4532024,0.023217276,0.05108925,0.12094861,0.17864914,0.16372454,0.21963891,0.18095563
31,-0.29006213,-0.43979308,0.011214161,-0.091709,0.048139907,-0.038387686,0.10944989,-0.34441054,-0.03626522,0.022307334,-0.3222104,0.022976784,-0.0779416,0.030461134,-0.49305966,0.2227416,0.07718406,0.2738583,-0.1441945,-0.2690305,-0.36526012,0.400569,-0.23224722,-0.28689674,-0.76275945,0.06704142,-0.13970606,-0.074968986,-0.63010305,-0.31580624,-0.31180227,0.34671375,0.0665111,-0.22152354,0.13669816,-0.22070841,0.20805879,-0.50013053,0.17840837,-0.20995796,-0.08186152,0.31311595,-0.009553084,-0.96552867,-0.058687426,0.03320255,-0.27445275,0.06293727,0.0659274,-0.028432531,0.027406085,-0.45620206,-0.24067873,0.13409044,0.24583906,-0.02337852,0.14898024,-0.23821701,0.05315084,-0.092731886,-0.86588645,0.06644818,0.48719478,0.1566773,0.3092437,0.20935188,-0.19865283,-0.3715638,0.05494675,-0.048565965,0.17378183,0.2858259,0.1877522,-0.70143473,-0.6942776,-0.29067543,0.42174184,0.21021272,0.04695209,-0.13613549,-0.4525773,0.26152983,-0.22781302,-0.33040974,-0.34455344,-0.16727695,-0.057899084,0.039059583,-0.05531313,0.11039067,0.101199314,-0.064220265,0.27532923,0.01015334,0.21546458,-0.031632937,0.102968104,-0.033819765,0.050463416,-0.36510286,-0.24296167,0.043098465,-0.06326937,-0.26077518,0.20150252,-0.053480636,-0.446763,0.4759023,0.01389408,0.10852603,0.16351095,-0.13836132,0.019317755,0.50087756,-0.0054844194,0.2525714,0.22235014,0.05747105,-0.16729383,-0.45328343,-0.13249287,0.2570142,0.031545185,0.22568852,0.14139283,0.17837198,0.44494817,-0.009436604,-0.31313482,0.20441645,-0.060795397,0.14408222,0.18700244,0.28042027,0.071265474,0.2836032,-0.10477155,0.4485098,0.3353534,0.12019172,0.23836505,-0.16223098,0.017907046,-0.26228398,0.10674045,-0.06784193,-0.18714584,-0.098123185,0.086997576,0.3147067,-0.045748595,0.056489963,0.33826512,0.20682955,0.22462381,0.005575275,-0.35977486,-0.39056277,-0.18170999,0.26572528,0.036228795,-0.041829616,0.10184389,-0.046121467,0.042889044,0.2237584,-0.18512161,0.17356858,0.1607685,-0.17458117,0.18249586,0.006013861,0.12104251,0.09655506,-0.33713767,0.31427965,-0.31034338,0.09371982,0.026333688,-0.28637704,-0.12681356,-0.13750571,0.23135939,0.2684691,0.18750367,0.15888971,-0.04827133,0.25087777,0.22891486,0.1196423,0.26855615,-0.09940359,-0.07861298,0.30445212,0.28386235,-0.6389857,-0.7326223,-0.48762807,0.33829173,0.09330065,-0.1754128,0.1117022,-0.7121697,0.2776267,-0.142642,-0.6930461,0.1569267,0.073796056,0.29556584,0.15858594,0.029613044,-0.14656886,0.0056796754,0.009275763,-0.19065571,0.058982782,0.058230616,-0.045145012,-0.11985937,-0.017028943,-0.030991394,-0.15558551,-0.21345297,0.0020185763
